File Path,Length (Seconds)
ExpressiveWholeBodyDatasetReleaseV1.0/beat_english_v2.0.0/wave16k/17_itoi_1_2_2.wav,828.0939375
ExpressiveWholeBodyDatasetReleaseV1.0/beat_english_v2.0.0/wave16k/11_nidal_1_12_12.wav,779.745625
ExpressiveWholeBodyDatasetReleaseV1.0/beat_english_v2.0.0/wave16k/6_carla_1_3_3.wav,768.1006875
ExpressiveWholeBodyDatasetReleaseV1.0/beat_english_v2.0.0/wave16k/4_lawrence_1_12_12.wav,734.0
ExpressiveWholeBodyDatasetReleaseV1.0/beat_english_v2.0.0/wave16k/9_miranda_1_12_12.wav,726.125375
ExpressiveWholeBodyDatasetReleaseV1.0/beat_english_v2.0.0/wave16k/21_ayana_1_1_1.wav,722.121375
ExpressiveWholeBodyDatasetReleaseV1.0/beat_english_v2.0.0/wave16k/6_carla_1_8_8.wav,700.0
ExpressiveWholeBodyDatasetReleaseV1.0/beat_english_v2.0.0/wave16k/6_carla_1_11_11.wav,687.0
ExpressiveWholeBodyDatasetReleaseV1.0/beat_english_v2.0.0/wave16k/1_wayne_1_2_2.wav,683.0
ExpressiveWholeBodyDatasetReleaseV1.0/beat_english_v2.0.0/wave16k/15_carlos_1_3_3.wav,678.7780625
ExpressiveWholeBodyDatasetReleaseV1.0/beat_english_v2.0.0/wave16k/11_nidal_1_5_5.wav,677.0
ExpressiveWholeBodyDatasetReleaseV1.0/beat_english_v2.0.0/wave16k/2_scott_1_7_7.wav,668.0
ExpressiveWholeBodyDatasetReleaseV1.0/beat_english_v2.0.0/wave16k/4_lawrence_1_10_10.wav,667.0
ExpressiveWholeBodyDatasetReleaseV1.0/beat_english_v2.0.0/wave16k/23_hailing_1_2_2.wav,666.0
ExpressiveWholeBodyDatasetReleaseV1.0/beat_english_v2.0.0/wave16k/11_nidal_1_10_10.wav,663.0
ExpressiveWholeBodyDatasetReleaseV1.0/beat_english_v2.0.0/wave16k/9_miranda_1_10_10.wav,662.0
ExpressiveWholeBodyDatasetReleaseV1.0/beat_english_v2.0.0/wave16k/11_nidal_1_1_1.wav,652.0
ExpressiveWholeBodyDatasetReleaseV1.0/beat_english_v2.0.0/wave16k/6_carla_1_2_2.wav,650.0
ExpressiveWholeBodyDatasetReleaseV1.0/beat_english_v2.0.0/wave16k/6_carla_1_4_4.wav,648.180875
ExpressiveWholeBodyDatasetReleaseV1.0/beat_english_v2.0.0/wave16k/11_nidal_1_7_7.wav,648.0
ExpressiveWholeBodyDatasetReleaseV1.0/beat_english_v2.0.0/wave16k/18_daiki_1_3_3.wav,647.71375
ExpressiveWholeBodyDatasetReleaseV1.0/beat_english_v2.0.0/wave16k/1_wayne_1_8_8.wav,647.0
ExpressiveWholeBodyDatasetReleaseV1.0/beat_english_v2.0.0/wave16k/3_solomon_1_6_6.wav,643.0
ExpressiveWholeBodyDatasetReleaseV1.0/beat_english_v2.0.0/wave16k/1_wayne_1_10_10.wav,640.0
ExpressiveWholeBodyDatasetReleaseV1.0/beat_english_v2.0.0/wave16k/2_scott_1_9_9.wav,639.0
ExpressiveWholeBodyDatasetReleaseV1.0/beat_english_v2.0.0/wave16k/13_lu_1_1_1.wav,638.23325
ExpressiveWholeBodyDatasetReleaseV1.0/beat_english_v2.0.0/wave16k/13_lu_1_2_2.wav,638.195875
ExpressiveWholeBodyDatasetReleaseV1.0/beat_english_v2.0.0/wave16k/4_lawrence_1_8_8.wav,636.0
ExpressiveWholeBodyDatasetReleaseV1.0/beat_english_v2.0.0/wave16k/21_ayana_1_9_9.wav,635.0
ExpressiveWholeBodyDatasetReleaseV1.0/beat_english_v2.0.0/wave16k/3_solomon_1_4_4.wav,635.0
ExpressiveWholeBodyDatasetReleaseV1.0/beat_english_v2.0.0/wave16k/20_li_1_3_3.wav,634.06675
ExpressiveWholeBodyDatasetReleaseV1.0/beat_english_v2.0.0/wave16k/4_lawrence_1_6_6.wav,634.0
ExpressiveWholeBodyDatasetReleaseV1.0/beat_english_v2.0.0/wave16k/22_luqi_1_1_1.wav,633.7998125
ExpressiveWholeBodyDatasetReleaseV1.0/beat_english_v2.0.0/wave16k/11_nidal_1_4_4.wav,632.0
ExpressiveWholeBodyDatasetReleaseV1.0/beat_english_v2.0.0/wave16k/1_wayne_1_6_6.wav,632.0
ExpressiveWholeBodyDatasetReleaseV1.0/beat_english_v2.0.0/wave16k/24_kexin_1_3_3.wav,631.4308125
ExpressiveWholeBodyDatasetReleaseV1.0/beat_english_v2.0.0/wave16k/9_miranda_1_2_2.wav,629.0
ExpressiveWholeBodyDatasetReleaseV1.0/beat_english_v2.0.0/wave16k/6_carla_1_9_9.wav,628.0
ExpressiveWholeBodyDatasetReleaseV1.0/beat_english_v2.0.0/wave16k/13_lu_1_3_3.wav,627.9353125
ExpressiveWholeBodyDatasetReleaseV1.0/beat_english_v2.0.0/wave16k/30_katya_1_1_1.wav,627.526875
ExpressiveWholeBodyDatasetReleaseV1.0/beat_english_v2.0.0/wave16k/20_li_1_1_1.wav,627.2265625
ExpressiveWholeBodyDatasetReleaseV1.0/beat_english_v2.0.0/wave16k/24_kexin_1_1_1.wav,627.2265625
ExpressiveWholeBodyDatasetReleaseV1.0/beat_english_v2.0.0/wave16k/9_miranda_1_3_3.wav,627.0
ExpressiveWholeBodyDatasetReleaseV1.0/beat_english_v2.0.0/wave16k/9_miranda_1_5_5.wav,627.0
ExpressiveWholeBodyDatasetReleaseV1.0/beat_english_v2.0.0/wave16k/9_miranda_1_8_8.wav,627.0
ExpressiveWholeBodyDatasetReleaseV1.0/beat_english_v2.0.0/wave16k/17_itoi_1_1_1.wav,626.525875
ExpressiveWholeBodyDatasetReleaseV1.0/beat_english_v2.0.0/wave16k/7_sophie_1_12_12.wav,625.8913125
ExpressiveWholeBodyDatasetReleaseV1.0/beat_english_v2.0.0/wave16k/21_ayana_1_10_10.wav,625.0
ExpressiveWholeBodyDatasetReleaseV1.0/beat_english_v2.0.0/wave16k/7_sophie_1_10_10.wav,625.0
ExpressiveWholeBodyDatasetReleaseV1.0/beat_english_v2.0.0/wave16k/21_ayana_1_6_6.wav,624.523875
ExpressiveWholeBodyDatasetReleaseV1.0/beat_english_v2.0.0/wave16k/1_wayne_1_12_12.wav,622.0
ExpressiveWholeBodyDatasetReleaseV1.0/beat_english_v2.0.0/wave16k/22_luqi_1_2_2.wav,621.8545625
ExpressiveWholeBodyDatasetReleaseV1.0/beat_english_v2.0.0/wave16k/5_stewart_1_3_3.wav,621.020375
ExpressiveWholeBodyDatasetReleaseV1.0/beat_english_v2.0.0/wave16k/2_scott_1_6_6.wav,621.0
ExpressiveWholeBodyDatasetReleaseV1.0/beat_english_v2.0.0/wave16k/4_lawrence_1_1_1.wav,621.0
ExpressiveWholeBodyDatasetReleaseV1.0/beat_english_v2.0.0/wave16k/20_li_1_2_2.wav,620.987
ExpressiveWholeBodyDatasetReleaseV1.0/beat_english_v2.0.0/wave16k/18_daiki_1_1_1.wav,620.68675
ExpressiveWholeBodyDatasetReleaseV1.0/beat_english_v2.0.0/wave16k/18_daiki_1_2_2.wav,620.586625
ExpressiveWholeBodyDatasetReleaseV1.0/beat_english_v2.0.0/wave16k/3_solomon_1_10_10.wav,620.0
ExpressiveWholeBodyDatasetReleaseV1.0/beat_english_v2.0.0/wave16k/16_jorge_1_3_3.wav,619.2185625
ExpressiveWholeBodyDatasetReleaseV1.0/beat_english_v2.0.0/wave16k/2_scott_1_3_3.wav,619.0
ExpressiveWholeBodyDatasetReleaseV1.0/beat_english_v2.0.0/wave16k/2_scott_1_4_4.wav,619.0
ExpressiveWholeBodyDatasetReleaseV1.0/beat_english_v2.0.0/wave16k/17_itoi_1_3_3.wav,618.3176875
ExpressiveWholeBodyDatasetReleaseV1.0/beat_english_v2.0.0/wave16k/21_ayana_1_3_3.wav,615.0
ExpressiveWholeBodyDatasetReleaseV1.0/beat_english_v2.0.0/wave16k/3_solomon_1_8_8.wav,615.0
ExpressiveWholeBodyDatasetReleaseV1.0/beat_english_v2.0.0/wave16k/21_ayana_1_7_7.wav,614.54725
ExpressiveWholeBodyDatasetReleaseV1.0/beat_english_v2.0.0/wave16k/30_katya_1_3_3.wav,614.513875
ExpressiveWholeBodyDatasetReleaseV1.0/beat_english_v2.0.0/wave16k/27_yingqing_1_1_1.wav,614.2803125
ExpressiveWholeBodyDatasetReleaseV1.0/beat_english_v2.0.0/wave16k/15_carlos_1_1_1.wav,613.54625
ExpressiveWholeBodyDatasetReleaseV1.0/beat_english_v2.0.0/wave16k/10_kieks_1_2_2.wav,613.512875
ExpressiveWholeBodyDatasetReleaseV1.0/beat_english_v2.0.0/wave16k/21_ayana_1_5_5.wav,613.3794375
ExpressiveWholeBodyDatasetReleaseV1.0/beat_english_v2.0.0/wave16k/2_scott_1_5_5.wav,613.0
ExpressiveWholeBodyDatasetReleaseV1.0/beat_english_v2.0.0/wave16k/30_katya_1_2_2.wav,612.979
ExpressiveWholeBodyDatasetReleaseV1.0/beat_english_v2.0.0/wave16k/10_kieks_1_1_1.wav,612.9123125
ExpressiveWholeBodyDatasetReleaseV1.0/beat_english_v2.0.0/wave16k/21_ayana_1_2_2.wav,612.7454375
ExpressiveWholeBodyDatasetReleaseV1.0/beat_english_v2.0.0/wave16k/10_kieks_1_3_3.wav,612.4785
ExpressiveWholeBodyDatasetReleaseV1.0/beat_english_v2.0.0/wave16k/3_solomon_1_2_2.wav,612.0
ExpressiveWholeBodyDatasetReleaseV1.0/beat_english_v2.0.0/wave16k/16_jorge_1_1_1.wav,611.67775
ExpressiveWholeBodyDatasetReleaseV1.0/beat_english_v2.0.0/wave16k/5_stewart_1_1_1.wav,611.3106875
ExpressiveWholeBodyDatasetReleaseV1.0/beat_english_v2.0.0/wave16k/3_solomon_1_12_12.wav,611.0
ExpressiveWholeBodyDatasetReleaseV1.0/beat_english_v2.0.0/wave16k/5_stewart_1_2_2.wav,610.4765
ExpressiveWholeBodyDatasetReleaseV1.0/beat_english_v2.0.0/wave16k/4_lawrence_1_4_4.wav,610.0
ExpressiveWholeBodyDatasetReleaseV1.0/beat_english_v2.0.0/wave16k/6_carla_1_10_10.wav,610.0
ExpressiveWholeBodyDatasetReleaseV1.0/beat_english_v2.0.0/wave16k/7_sophie_1_8_8.wav,609.8085625
ExpressiveWholeBodyDatasetReleaseV1.0/beat_english_v2.0.0/wave16k/22_luqi_1_3_3.wav,609.7758125
ExpressiveWholeBodyDatasetReleaseV1.0/beat_english_v2.0.0/wave16k/6_carla_1_7_7.wav,609.7758125
ExpressiveWholeBodyDatasetReleaseV1.0/beat_english_v2.0.0/wave16k/28_tiffnay_1_1_1.wav,609.2085625
ExpressiveWholeBodyDatasetReleaseV1.0/beat_english_v2.0.0/wave16k/7_sophie_1_6_6.wav,609.0
ExpressiveWholeBodyDatasetReleaseV1.0/beat_english_v2.0.0/wave16k/9_miranda_1_1_1.wav,609.0
ExpressiveWholeBodyDatasetReleaseV1.0/beat_english_v2.0.0/wave16k/25_goto_1_2_2.wav,608.3744375
ExpressiveWholeBodyDatasetReleaseV1.0/beat_english_v2.0.0/wave16k/4_lawrence_1_5_5.wav,608.0
ExpressiveWholeBodyDatasetReleaseV1.0/beat_english_v2.0.0/wave16k/7_sophie_1_4_4.wav,607.7065
ExpressiveWholeBodyDatasetReleaseV1.0/beat_english_v2.0.0/wave16k/7_sophie_1_2_2.wav,607.0
ExpressiveWholeBodyDatasetReleaseV1.0/beat_english_v2.0.0/wave16k/16_jorge_1_2_2.wav,606.3724375
ExpressiveWholeBodyDatasetReleaseV1.0/beat_english_v2.0.0/wave16k/12_zhao_1_3_3.wav,605.8719375
ExpressiveWholeBodyDatasetReleaseV1.0/beat_english_v2.0.0/wave16k/15_carlos_1_2_2.wav,605.071125
ExpressiveWholeBodyDatasetReleaseV1.0/beat_english_v2.0.0/wave16k/21_ayana_1_8_8.wav,604.0
ExpressiveWholeBodyDatasetReleaseV1.0/beat_english_v2.0.0/wave16k/28_tiffnay_1_2_2.wav,603.8699375
ExpressiveWholeBodyDatasetReleaseV1.0/beat_english_v2.0.0/wave16k/12_zhao_1_2_2.wav,603.2025625
ExpressiveWholeBodyDatasetReleaseV1.0/beat_english_v2.0.0/wave16k/9_miranda_1_7_7.wav,603.0
ExpressiveWholeBodyDatasetReleaseV1.0/beat_english_v2.0.0/wave16k/25_goto_1_1_1.wav,600.0995
ExpressiveWholeBodyDatasetReleaseV1.0/beat_english_v2.0.0/wave16k/1_wayne_1_11_11.wav,600.0
ExpressiveWholeBodyDatasetReleaseV1.0/beat_english_v2.0.0/wave16k/1_wayne_1_1_1.wav,600.0
ExpressiveWholeBodyDatasetReleaseV1.0/beat_english_v2.0.0/wave16k/1_wayne_1_3_3.wav,600.0
ExpressiveWholeBodyDatasetReleaseV1.0/beat_english_v2.0.0/wave16k/1_wayne_1_5_5.wav,600.0
ExpressiveWholeBodyDatasetReleaseV1.0/beat_english_v2.0.0/wave16k/1_wayne_1_7_7.wav,600.0
ExpressiveWholeBodyDatasetReleaseV1.0/beat_english_v2.0.0/wave16k/1_wayne_1_9_9.wav,600.0
ExpressiveWholeBodyDatasetReleaseV1.0/beat_english_v2.0.0/wave16k/3_solomon_1_11_11.wav,600.0
ExpressiveWholeBodyDatasetReleaseV1.0/beat_english_v2.0.0/wave16k/3_solomon_1_1_1.wav,600.0
ExpressiveWholeBodyDatasetReleaseV1.0/beat_english_v2.0.0/wave16k/3_solomon_1_3_3.wav,600.0
ExpressiveWholeBodyDatasetReleaseV1.0/beat_english_v2.0.0/wave16k/3_solomon_1_5_5.wav,600.0
ExpressiveWholeBodyDatasetReleaseV1.0/beat_english_v2.0.0/wave16k/3_solomon_1_7_7.wav,600.0
ExpressiveWholeBodyDatasetReleaseV1.0/beat_english_v2.0.0/wave16k/3_solomon_1_9_9.wav,600.0
ExpressiveWholeBodyDatasetReleaseV1.0/beat_english_v2.0.0/wave16k/7_sophie_1_11_11.wav,600.0
ExpressiveWholeBodyDatasetReleaseV1.0/beat_english_v2.0.0/wave16k/7_sophie_1_1_1.wav,600.0
ExpressiveWholeBodyDatasetReleaseV1.0/beat_english_v2.0.0/wave16k/7_sophie_1_3_3.wav,600.0
ExpressiveWholeBodyDatasetReleaseV1.0/beat_english_v2.0.0/wave16k/7_sophie_1_5_5.wav,600.0
ExpressiveWholeBodyDatasetReleaseV1.0/beat_english_v2.0.0/wave16k/7_sophie_1_7_7.wav,600.0
ExpressiveWholeBodyDatasetReleaseV1.0/beat_english_v2.0.0/wave16k/7_sophie_1_9_9.wav,600.0
ExpressiveWholeBodyDatasetReleaseV1.0/beat_english_v2.0.0/wave16k/21_ayana_1_12_12.wav,599.999375
ExpressiveWholeBodyDatasetReleaseV1.0/beat_english_v2.0.0/wave16k/9_miranda_1_4_4.wav,598.0
ExpressiveWholeBodyDatasetReleaseV1.0/beat_english_v2.0.0/wave16k/2_scott_1_11_11.wav,597.0
ExpressiveWholeBodyDatasetReleaseV1.0/beat_english_v2.0.0/wave16k/2_scott_1_12_12.wav,597.0
ExpressiveWholeBodyDatasetReleaseV1.0/beat_english_v2.0.0/wave16k/12_zhao_1_1_1.wav,596.16225
ExpressiveWholeBodyDatasetReleaseV1.0/beat_english_v2.0.0/wave16k/4_lawrence_1_7_7.wav,596.0
ExpressiveWholeBodyDatasetReleaseV1.0/beat_english_v2.0.0/wave16k/4_lawrence_1_2_2.wav,594.0
ExpressiveWholeBodyDatasetReleaseV1.0/beat_english_v2.0.0/wave16k/4_lawrence_1_3_3.wav,594.0
ExpressiveWholeBodyDatasetReleaseV1.0/beat_english_v2.0.0/wave16k/27_yingqing_1_3_3.wav,593.65975
ExpressiveWholeBodyDatasetReleaseV1.0/beat_english_v2.0.0/wave16k/11_nidal_1_3_3.wav,593.0
ExpressiveWholeBodyDatasetReleaseV1.0/beat_english_v2.0.0/wave16k/21_ayana_1_11_11.wav,593.0
ExpressiveWholeBodyDatasetReleaseV1.0/beat_english_v2.0.0/wave16k/6_carla_1_1_1.wav,592.0
ExpressiveWholeBodyDatasetReleaseV1.0/beat_english_v2.0.0/wave16k/28_tiffnay_1_3_3.wav,590.7568125
ExpressiveWholeBodyDatasetReleaseV1.0/beat_english_v2.0.0/wave16k/9_miranda_1_9_9.wav,588.0
ExpressiveWholeBodyDatasetReleaseV1.0/beat_english_v2.0.0/wave16k/2_scott_1_8_8.wav,587.0
ExpressiveWholeBodyDatasetReleaseV1.0/beat_english_v2.0.0/wave16k/11_nidal_1_9_9.wav,586.0
ExpressiveWholeBodyDatasetReleaseV1.0/beat_english_v2.0.0/wave16k/24_kexin_1_2_2.wav,582.8823125
ExpressiveWholeBodyDatasetReleaseV1.0/beat_english_v2.0.0/wave16k/4_lawrence_1_9_9.wav,581.0
ExpressiveWholeBodyDatasetReleaseV1.0/beat_english_v2.0.0/wave16k/21_ayana_1_4_4.wav,579.0
ExpressiveWholeBodyDatasetReleaseV1.0/beat_english_v2.0.0/wave16k/9_miranda_1_6_6.wav,576.0
ExpressiveWholeBodyDatasetReleaseV1.0/beat_english_v2.0.0/wave16k/11_nidal_1_2_2.wav,573.0
ExpressiveWholeBodyDatasetReleaseV1.0/beat_english_v2.0.0/wave16k/27_yingqing_1_2_2.wav,568.034125
ExpressiveWholeBodyDatasetReleaseV1.0/beat_english_v2.0.0/wave16k/1_wayne_1_4_4.wav,562.0
ExpressiveWholeBodyDatasetReleaseV1.0/beat_english_v2.0.0/wave16k/23_hailing_1_3_3.wav,559.0
ExpressiveWholeBodyDatasetReleaseV1.0/beat_english_v2.0.0/wave16k/6_carla_1_12_12.wav,553.0
ExpressiveWholeBodyDatasetReleaseV1.0/beat_english_v2.0.0/wave16k/25_goto_1_3_3.wav,550.2163125
ExpressiveWholeBodyDatasetReleaseV1.0/beat_english_v2.0.0/wave16k/2_scott_1_10_10.wav,550.0
ExpressiveWholeBodyDatasetReleaseV1.0/beat_english_v2.0.0/wave16k/4_lawrence_1_11_11.wav,546.0
ExpressiveWholeBodyDatasetReleaseV1.0/beat_english_v2.0.0/wave16k/11_nidal_1_6_6.wav,544.0
ExpressiveWholeBodyDatasetReleaseV1.0/beat_english_v2.0.0/wave16k/11_nidal_1_8_8.wav,537.0
ExpressiveWholeBodyDatasetReleaseV1.0/beat_english_v2.0.0/wave16k/9_miranda_1_11_11.wav,535.7685625
ExpressiveWholeBodyDatasetReleaseV1.0/beat_english_v2.0.0/wave16k/23_hailing_1_1_1.wav,493.93075
ExpressiveWholeBodyDatasetReleaseV1.0/beat_english_v2.0.0/wave16k/6_carla_1_5_5.wav,466.0
ExpressiveWholeBodyDatasetReleaseV1.0/beat_english_v2.0.0/wave16k/11_nidal_1_11_11.wav,429.962875
ExpressiveWholeBodyDatasetReleaseV1.0/beat_english_v2.0.0/wave16k/2_scott_1_1_1.wav,420.0
ExpressiveWholeBodyDatasetReleaseV1.0/beat_english_v2.0.0/wave16k/6_carla_1_6_6.wav,405.0
ExpressiveWholeBodyDatasetReleaseV1.0/beat_english_v2.0.0/wave16k/2_scott_1_2_2.wav,380.0
ExpressiveWholeBodyDatasetReleaseV1.0/beat_english_v2.0.0/wave16k/11_nidal_0_15_15.wav,117.0
ExpressiveWholeBodyDatasetReleaseV1.0/beat_english_v2.0.0/wave16k/25_goto_0_12_12.wav,116.2828125
ExpressiveWholeBodyDatasetReleaseV1.0/beat_english_v2.0.0/wave16k/25_goto_0_15_15.wav,116.082625
ExpressiveWholeBodyDatasetReleaseV1.0/beat_english_v2.0.0/wave16k/25_goto_0_4_4.wav,112.8460625
ExpressiveWholeBodyDatasetReleaseV1.0/beat_english_v2.0.0/wave16k/11_nidal_0_14_14.wav,110.0
ExpressiveWholeBodyDatasetReleaseV1.0/beat_english_v2.0.0/wave16k/11_nidal_0_116_116.wav,109.0
ExpressiveWholeBodyDatasetReleaseV1.0/beat_english_v2.0.0/wave16k/11_nidal_0_13_13.wav,109.0
ExpressiveWholeBodyDatasetReleaseV1.0/beat_english_v2.0.0/wave16k/11_nidal_0_5_5.wav,109.0
ExpressiveWholeBodyDatasetReleaseV1.0/beat_english_v2.0.0/wave16k/11_nidal_0_16_16.wav,108.0
ExpressiveWholeBodyDatasetReleaseV1.0/beat_english_v2.0.0/wave16k/25_goto_0_16_16.wav,107.2070625
ExpressiveWholeBodyDatasetReleaseV1.0/beat_english_v2.0.0/wave16k/25_goto_0_14_14.wav,106.9735
ExpressiveWholeBodyDatasetReleaseV1.0/beat_english_v2.0.0/wave16k/25_goto_0_3_3.wav,106.3395625
ExpressiveWholeBodyDatasetReleaseV1.0/beat_english_v2.0.0/wave16k/11_nidal_0_12_12.wav,106.0
ExpressiveWholeBodyDatasetReleaseV1.0/beat_english_v2.0.0/wave16k/25_goto_0_13_13.wav,105.6055
ExpressiveWholeBodyDatasetReleaseV1.0/beat_english_v2.0.0/wave16k/25_goto_0_104_104.wav,104.504375
ExpressiveWholeBodyDatasetReleaseV1.0/beat_english_v2.0.0/wave16k/11_nidal_0_87_87.wav,104.0
ExpressiveWholeBodyDatasetReleaseV1.0/beat_english_v2.0.0/wave16k/18_daiki_0_15_15.wav,104.0
ExpressiveWholeBodyDatasetReleaseV1.0/beat_english_v2.0.0/wave16k/20_li_0_15_15.wav,104.0
ExpressiveWholeBodyDatasetReleaseV1.0/beat_english_v2.0.0/wave16k/23_hailing_0_15_15.wav,104.0
ExpressiveWholeBodyDatasetReleaseV1.0/beat_english_v2.0.0/wave16k/25_goto_0_9_9.wav,103.6035
ExpressiveWholeBodyDatasetReleaseV1.0/beat_english_v2.0.0/wave16k/15_carlos_0_15_15.wav,103.0
ExpressiveWholeBodyDatasetReleaseV1.0/beat_english_v2.0.0/wave16k/24_kexin_0_15_15.wav,103.0
ExpressiveWholeBodyDatasetReleaseV1.0/beat_english_v2.0.0/wave16k/9_miranda_0_82_82.wav,103.0
ExpressiveWholeBodyDatasetReleaseV1.0/beat_english_v2.0.0/wave16k/11_nidal_0_8_8.wav,102.0
ExpressiveWholeBodyDatasetReleaseV1.0/beat_english_v2.0.0/wave16k/4_lawrence_0_82_82.wav,102.0
ExpressiveWholeBodyDatasetReleaseV1.0/beat_english_v2.0.0/wave16k/4_lawrence_0_8_8.wav,102.0
ExpressiveWholeBodyDatasetReleaseV1.0/beat_english_v2.0.0/wave16k/11_nidal_0_90_90.wav,101.0
ExpressiveWholeBodyDatasetReleaseV1.0/beat_english_v2.0.0/wave16k/1_wayne_0_26_26.wav,101.0
ExpressiveWholeBodyDatasetReleaseV1.0/beat_english_v2.0.0/wave16k/20_li_0_12_12.wav,101.0
ExpressiveWholeBodyDatasetReleaseV1.0/beat_english_v2.0.0/wave16k/21_ayana_0_31_31.wav,101.0
ExpressiveWholeBodyDatasetReleaseV1.0/beat_english_v2.0.0/wave16k/25_goto_0_88_88.wav,100.7005625
ExpressiveWholeBodyDatasetReleaseV1.0/beat_english_v2.0.0/wave16k/25_goto_0_103_103.wav,100.2668125
ExpressiveWholeBodyDatasetReleaseV1.0/beat_english_v2.0.0/wave16k/12_zhao_0_15_15.wav,100.0
ExpressiveWholeBodyDatasetReleaseV1.0/beat_english_v2.0.0/wave16k/15_carlos_0_13_13.wav,100.0
ExpressiveWholeBodyDatasetReleaseV1.0/beat_english_v2.0.0/wave16k/15_carlos_0_14_14.wav,100.0
ExpressiveWholeBodyDatasetReleaseV1.0/beat_english_v2.0.0/wave16k/18_daiki_0_4_4.wav,100.0
ExpressiveWholeBodyDatasetReleaseV1.0/beat_english_v2.0.0/wave16k/25_goto_0_6_6.wav,99.5995
ExpressiveWholeBodyDatasetReleaseV1.0/beat_english_v2.0.0/wave16k/15_carlos_0_16_16.wav,99.0
ExpressiveWholeBodyDatasetReleaseV1.0/beat_english_v2.0.0/wave16k/4_lawrence_0_5_5.wav,99.0
ExpressiveWholeBodyDatasetReleaseV1.0/beat_english_v2.0.0/wave16k/25_goto_0_2_2.wav,98.6985625
ExpressiveWholeBodyDatasetReleaseV1.0/beat_english_v2.0.0/wave16k/11_nidal_0_103_103.wav,98.0
ExpressiveWholeBodyDatasetReleaseV1.0/beat_english_v2.0.0/wave16k/11_nidal_0_104_104.wav,98.0
ExpressiveWholeBodyDatasetReleaseV1.0/beat_english_v2.0.0/wave16k/11_nidal_0_115_115.wav,98.0
ExpressiveWholeBodyDatasetReleaseV1.0/beat_english_v2.0.0/wave16k/11_nidal_0_30_30.wav,98.0
ExpressiveWholeBodyDatasetReleaseV1.0/beat_english_v2.0.0/wave16k/4_lawrence_0_85_85.wav,98.0
ExpressiveWholeBodyDatasetReleaseV1.0/beat_english_v2.0.0/wave16k/27_yingqing_0_15_15.wav,97.630875
ExpressiveWholeBodyDatasetReleaseV1.0/beat_english_v2.0.0/wave16k/27_yingqing_0_88_88.wav,97.3973125
ExpressiveWholeBodyDatasetReleaseV1.0/beat_english_v2.0.0/wave16k/25_goto_0_8_8.wav,97.16375
ExpressiveWholeBodyDatasetReleaseV1.0/beat_english_v2.0.0/wave16k/11_nidal_0_26_26.wav,97.0
ExpressiveWholeBodyDatasetReleaseV1.0/beat_english_v2.0.0/wave16k/12_zhao_0_14_14.wav,97.0
ExpressiveWholeBodyDatasetReleaseV1.0/beat_english_v2.0.0/wave16k/17_itoi_0_15_15.wav,97.0
ExpressiveWholeBodyDatasetReleaseV1.0/beat_english_v2.0.0/wave16k/17_itoi_0_8_8.wav,97.0
ExpressiveWholeBodyDatasetReleaseV1.0/beat_english_v2.0.0/wave16k/20_li_0_14_14.wav,97.0
ExpressiveWholeBodyDatasetReleaseV1.0/beat_english_v2.0.0/wave16k/20_li_0_16_16.wav,97.0
ExpressiveWholeBodyDatasetReleaseV1.0/beat_english_v2.0.0/wave16k/20_li_0_4_4.wav,97.0
ExpressiveWholeBodyDatasetReleaseV1.0/beat_english_v2.0.0/wave16k/4_lawrence_0_24_24.wav,97.0
ExpressiveWholeBodyDatasetReleaseV1.0/beat_english_v2.0.0/wave16k/25_goto_0_87_87.wav,96.8968125
ExpressiveWholeBodyDatasetReleaseV1.0/beat_english_v2.0.0/wave16k/25_goto_0_11_11.wav,96.2294375
ExpressiveWholeBodyDatasetReleaseV1.0/beat_english_v2.0.0/wave16k/11_nidal_0_19_19.wav,96.0
ExpressiveWholeBodyDatasetReleaseV1.0/beat_english_v2.0.0/wave16k/28_tiffnay_0_15_15.wav,96.0
ExpressiveWholeBodyDatasetReleaseV1.0/beat_english_v2.0.0/wave16k/3_solomon_0_15_15.wav,96.0
ExpressiveWholeBodyDatasetReleaseV1.0/beat_english_v2.0.0/wave16k/4_lawrence_0_15_15.wav,96.0
ExpressiveWholeBodyDatasetReleaseV1.0/beat_english_v2.0.0/wave16k/4_lawrence_0_16_16.wav,96.0
ExpressiveWholeBodyDatasetReleaseV1.0/beat_english_v2.0.0/wave16k/4_lawrence_0_81_81.wav,96.0
ExpressiveWholeBodyDatasetReleaseV1.0/beat_english_v2.0.0/wave16k/15_carlos_0_104_104.wav,95.0
ExpressiveWholeBodyDatasetReleaseV1.0/beat_english_v2.0.0/wave16k/20_li_0_13_13.wav,95.0
ExpressiveWholeBodyDatasetReleaseV1.0/beat_english_v2.0.0/wave16k/21_ayana_0_15_15.wav,95.0
ExpressiveWholeBodyDatasetReleaseV1.0/beat_english_v2.0.0/wave16k/23_hailing_0_14_14.wav,95.0
ExpressiveWholeBodyDatasetReleaseV1.0/beat_english_v2.0.0/wave16k/3_solomon_0_2_2.wav,94.7279375
ExpressiveWholeBodyDatasetReleaseV1.0/beat_english_v2.0.0/wave16k/11_nidal_0_100_100.wav,94.0
ExpressiveWholeBodyDatasetReleaseV1.0/beat_english_v2.0.0/wave16k/11_nidal_0_111_111.wav,94.0
ExpressiveWholeBodyDatasetReleaseV1.0/beat_english_v2.0.0/wave16k/11_nidal_0_33_33.wav,94.0
ExpressiveWholeBodyDatasetReleaseV1.0/beat_english_v2.0.0/wave16k/11_nidal_0_6_6.wav,94.0
ExpressiveWholeBodyDatasetReleaseV1.0/beat_english_v2.0.0/wave16k/12_zhao_0_88_88.wav,94.0
ExpressiveWholeBodyDatasetReleaseV1.0/beat_english_v2.0.0/wave16k/13_lu_0_15_15.wav,94.0
ExpressiveWholeBodyDatasetReleaseV1.0/beat_english_v2.0.0/wave16k/17_itoi_0_4_4.wav,94.0
ExpressiveWholeBodyDatasetReleaseV1.0/beat_english_v2.0.0/wave16k/18_daiki_0_14_14.wav,94.0
ExpressiveWholeBodyDatasetReleaseV1.0/beat_english_v2.0.0/wave16k/20_li_0_87_87.wav,94.0
ExpressiveWholeBodyDatasetReleaseV1.0/beat_english_v2.0.0/wave16k/20_li_0_88_88.wav,94.0
ExpressiveWholeBodyDatasetReleaseV1.0/beat_english_v2.0.0/wave16k/23_hailing_0_13_13.wav,94.0
ExpressiveWholeBodyDatasetReleaseV1.0/beat_english_v2.0.0/wave16k/15_carlos_0_1_1.wav,93.126375
ExpressiveWholeBodyDatasetReleaseV1.0/beat_english_v2.0.0/wave16k/11_nidal_0_11_11.wav,93.0
ExpressiveWholeBodyDatasetReleaseV1.0/beat_english_v2.0.0/wave16k/11_nidal_0_17_17.wav,93.0
ExpressiveWholeBodyDatasetReleaseV1.0/beat_english_v2.0.0/wave16k/11_nidal_0_24_24.wav,93.0
ExpressiveWholeBodyDatasetReleaseV1.0/beat_english_v2.0.0/wave16k/17_itoi_0_5_5.wav,93.0
ExpressiveWholeBodyDatasetReleaseV1.0/beat_english_v2.0.0/wave16k/20_li_0_103_103.wav,93.0
ExpressiveWholeBodyDatasetReleaseV1.0/beat_english_v2.0.0/wave16k/20_li_0_6_6.wav,93.0
ExpressiveWholeBodyDatasetReleaseV1.0/beat_english_v2.0.0/wave16k/20_li_0_8_8.wav,93.0
ExpressiveWholeBodyDatasetReleaseV1.0/beat_english_v2.0.0/wave16k/21_ayana_0_16_16.wav,93.0
ExpressiveWholeBodyDatasetReleaseV1.0/beat_english_v2.0.0/wave16k/23_hailing_0_12_12.wav,93.0
ExpressiveWholeBodyDatasetReleaseV1.0/beat_english_v2.0.0/wave16k/23_hailing_0_16_16.wav,93.0
ExpressiveWholeBodyDatasetReleaseV1.0/beat_english_v2.0.0/wave16k/30_katya_0_15_15.wav,93.0
ExpressiveWholeBodyDatasetReleaseV1.0/beat_english_v2.0.0/wave16k/4_lawrence_0_6_6.wav,93.0
ExpressiveWholeBodyDatasetReleaseV1.0/beat_english_v2.0.0/wave16k/11_nidal_0_101_101.wav,92.0
ExpressiveWholeBodyDatasetReleaseV1.0/beat_english_v2.0.0/wave16k/11_nidal_0_25_25.wav,92.0
ExpressiveWholeBodyDatasetReleaseV1.0/beat_english_v2.0.0/wave16k/11_nidal_0_31_31.wav,92.0
ExpressiveWholeBodyDatasetReleaseV1.0/beat_english_v2.0.0/wave16k/11_nidal_0_7_7.wav,92.0
ExpressiveWholeBodyDatasetReleaseV1.0/beat_english_v2.0.0/wave16k/17_itoi_0_6_6.wav,92.0
ExpressiveWholeBodyDatasetReleaseV1.0/beat_english_v2.0.0/wave16k/18_daiki_0_87_87.wav,92.0
ExpressiveWholeBodyDatasetReleaseV1.0/beat_english_v2.0.0/wave16k/20_li_0_5_5.wav,92.0
ExpressiveWholeBodyDatasetReleaseV1.0/beat_english_v2.0.0/wave16k/22_luqi_0_88_88.wav,92.0
ExpressiveWholeBodyDatasetReleaseV1.0/beat_english_v2.0.0/wave16k/24_kexin_0_5_5.wav,92.0
ExpressiveWholeBodyDatasetReleaseV1.0/beat_english_v2.0.0/wave16k/28_tiffnay_0_14_14.wav,92.0
ExpressiveWholeBodyDatasetReleaseV1.0/beat_english_v2.0.0/wave16k/2_scott_0_15_15.wav,92.0
ExpressiveWholeBodyDatasetReleaseV1.0/beat_english_v2.0.0/wave16k/2_scott_0_76_76.wav,92.0
ExpressiveWholeBodyDatasetReleaseV1.0/beat_english_v2.0.0/wave16k/4_lawrence_0_14_14.wav,92.0
ExpressiveWholeBodyDatasetReleaseV1.0/beat_english_v2.0.0/wave16k/4_lawrence_0_17_17.wav,92.0
ExpressiveWholeBodyDatasetReleaseV1.0/beat_english_v2.0.0/wave16k/4_lawrence_0_87_87.wav,92.0
ExpressiveWholeBodyDatasetReleaseV1.0/beat_english_v2.0.0/wave16k/4_lawrence_0_89_89.wav,92.0
ExpressiveWholeBodyDatasetReleaseV1.0/beat_english_v2.0.0/wave16k/11_nidal_0_29_29.wav,91.0
ExpressiveWholeBodyDatasetReleaseV1.0/beat_english_v2.0.0/wave16k/11_nidal_0_88_88.wav,91.0
ExpressiveWholeBodyDatasetReleaseV1.0/beat_english_v2.0.0/wave16k/12_zhao_0_82_82.wav,91.0
ExpressiveWholeBodyDatasetReleaseV1.0/beat_english_v2.0.0/wave16k/17_itoi_0_14_14.wav,91.0
ExpressiveWholeBodyDatasetReleaseV1.0/beat_english_v2.0.0/wave16k/18_daiki_0_16_16.wav,91.0
ExpressiveWholeBodyDatasetReleaseV1.0/beat_english_v2.0.0/wave16k/18_daiki_0_3_3.wav,91.0
ExpressiveWholeBodyDatasetReleaseV1.0/beat_english_v2.0.0/wave16k/18_daiki_0_5_5.wav,91.0
ExpressiveWholeBodyDatasetReleaseV1.0/beat_english_v2.0.0/wave16k/18_daiki_0_8_8.wav,91.0
ExpressiveWholeBodyDatasetReleaseV1.0/beat_english_v2.0.0/wave16k/20_li_0_11_11.wav,91.0
ExpressiveWholeBodyDatasetReleaseV1.0/beat_english_v2.0.0/wave16k/20_li_0_3_3.wav,91.0
ExpressiveWholeBodyDatasetReleaseV1.0/beat_english_v2.0.0/wave16k/23_hailing_0_8_8.wav,91.0
ExpressiveWholeBodyDatasetReleaseV1.0/beat_english_v2.0.0/wave16k/2_scott_0_12_12.wav,91.0
ExpressiveWholeBodyDatasetReleaseV1.0/beat_english_v2.0.0/wave16k/4_lawrence_0_116_116.wav,91.0
ExpressiveWholeBodyDatasetReleaseV1.0/beat_english_v2.0.0/wave16k/4_lawrence_0_25_25.wav,91.0
ExpressiveWholeBodyDatasetReleaseV1.0/beat_english_v2.0.0/wave16k/4_lawrence_0_4_4.wav,91.0
ExpressiveWholeBodyDatasetReleaseV1.0/beat_english_v2.0.0/wave16k/4_lawrence_0_88_88.wav,91.0
ExpressiveWholeBodyDatasetReleaseV1.0/beat_english_v2.0.0/wave16k/11_nidal_0_40_40.wav,90.0
ExpressiveWholeBodyDatasetReleaseV1.0/beat_english_v2.0.0/wave16k/12_zhao_0_87_87.wav,90.0
ExpressiveWholeBodyDatasetReleaseV1.0/beat_english_v2.0.0/wave16k/15_carlos_0_87_87.wav,90.0
ExpressiveWholeBodyDatasetReleaseV1.0/beat_english_v2.0.0/wave16k/15_carlos_0_88_88.wav,90.0
ExpressiveWholeBodyDatasetReleaseV1.0/beat_english_v2.0.0/wave16k/17_itoi_0_13_13.wav,90.0
ExpressiveWholeBodyDatasetReleaseV1.0/beat_english_v2.0.0/wave16k/17_itoi_0_16_16.wav,90.0
ExpressiveWholeBodyDatasetReleaseV1.0/beat_english_v2.0.0/wave16k/24_kexin_0_16_16.wav,90.0
ExpressiveWholeBodyDatasetReleaseV1.0/beat_english_v2.0.0/wave16k/30_katya_0_88_88.wav,90.0
ExpressiveWholeBodyDatasetReleaseV1.0/beat_english_v2.0.0/wave16k/4_lawrence_0_90_90.wav,90.0
ExpressiveWholeBodyDatasetReleaseV1.0/beat_english_v2.0.0/wave16k/25_goto_0_82_82.wav,89.989875
ExpressiveWholeBodyDatasetReleaseV1.0/beat_english_v2.0.0/wave16k/27_yingqing_0_87_87.wav,89.7229375
ExpressiveWholeBodyDatasetReleaseV1.0/beat_english_v2.0.0/wave16k/27_yingqing_0_16_16.wav,89.6895625
ExpressiveWholeBodyDatasetReleaseV1.0/beat_english_v2.0.0/wave16k/25_goto_0_111_111.wav,89.5895
ExpressiveWholeBodyDatasetReleaseV1.0/beat_english_v2.0.0/wave16k/25_goto_0_7_7.wav,89.456
ExpressiveWholeBodyDatasetReleaseV1.0/beat_english_v2.0.0/wave16k/27_yingqing_0_104_104.wav,89.2224375
ExpressiveWholeBodyDatasetReleaseV1.0/beat_english_v2.0.0/wave16k/11_nidal_0_32_32.wav,89.0
ExpressiveWholeBodyDatasetReleaseV1.0/beat_english_v2.0.0/wave16k/11_nidal_0_3_3.wav,89.0
ExpressiveWholeBodyDatasetReleaseV1.0/beat_english_v2.0.0/wave16k/11_nidal_0_89_89.wav,89.0
ExpressiveWholeBodyDatasetReleaseV1.0/beat_english_v2.0.0/wave16k/17_itoi_0_2_2.wav,89.0
ExpressiveWholeBodyDatasetReleaseV1.0/beat_english_v2.0.0/wave16k/18_daiki_0_13_13.wav,89.0
ExpressiveWholeBodyDatasetReleaseV1.0/beat_english_v2.0.0/wave16k/20_li_0_7_7.wav,89.0
ExpressiveWholeBodyDatasetReleaseV1.0/beat_english_v2.0.0/wave16k/24_kexin_0_14_14.wav,89.0
ExpressiveWholeBodyDatasetReleaseV1.0/beat_english_v2.0.0/wave16k/24_kexin_0_88_88.wav,89.0
ExpressiveWholeBodyDatasetReleaseV1.0/beat_english_v2.0.0/wave16k/3_solomon_0_16_16.wav,89.0
ExpressiveWholeBodyDatasetReleaseV1.0/beat_english_v2.0.0/wave16k/4_lawrence_0_115_115.wav,89.0
ExpressiveWholeBodyDatasetReleaseV1.0/beat_english_v2.0.0/wave16k/25_goto_0_10_10.wav,88.555125
ExpressiveWholeBodyDatasetReleaseV1.0/beat_english_v2.0.0/wave16k/27_yingqing_0_14_14.wav,88.4216875
ExpressiveWholeBodyDatasetReleaseV1.0/beat_english_v2.0.0/wave16k/11_nidal_0_39_39.wav,88.0
ExpressiveWholeBodyDatasetReleaseV1.0/beat_english_v2.0.0/wave16k/11_nidal_0_85_85.wav,88.0
ExpressiveWholeBodyDatasetReleaseV1.0/beat_english_v2.0.0/wave16k/12_zhao_0_5_5.wav,88.0
ExpressiveWholeBodyDatasetReleaseV1.0/beat_english_v2.0.0/wave16k/15_carlos_0_103_103.wav,88.0
ExpressiveWholeBodyDatasetReleaseV1.0/beat_english_v2.0.0/wave16k/18_daiki_0_103_103.wav,88.0
ExpressiveWholeBodyDatasetReleaseV1.0/beat_english_v2.0.0/wave16k/18_daiki_0_6_6.wav,88.0
ExpressiveWholeBodyDatasetReleaseV1.0/beat_english_v2.0.0/wave16k/18_daiki_0_88_88.wav,88.0
ExpressiveWholeBodyDatasetReleaseV1.0/beat_english_v2.0.0/wave16k/21_ayana_0_14_14.wav,88.0
ExpressiveWholeBodyDatasetReleaseV1.0/beat_english_v2.0.0/wave16k/21_ayana_0_19_19.wav,88.0
ExpressiveWholeBodyDatasetReleaseV1.0/beat_english_v2.0.0/wave16k/23_hailing_0_5_5.wav,88.0
ExpressiveWholeBodyDatasetReleaseV1.0/beat_english_v2.0.0/wave16k/3_solomon_0_25_25.wav,88.0
ExpressiveWholeBodyDatasetReleaseV1.0/beat_english_v2.0.0/wave16k/3_solomon_0_27_27.wav,88.0
ExpressiveWholeBodyDatasetReleaseV1.0/beat_english_v2.0.0/wave16k/4_lawrence_0_101_101.wav,88.0
ExpressiveWholeBodyDatasetReleaseV1.0/beat_english_v2.0.0/wave16k/4_lawrence_0_26_26.wav,88.0
ExpressiveWholeBodyDatasetReleaseV1.0/beat_english_v2.0.0/wave16k/9_miranda_0_103_103.wav,88.0
ExpressiveWholeBodyDatasetReleaseV1.0/beat_english_v2.0.0/wave16k/13_lu_0_14_14.wav,87.0
ExpressiveWholeBodyDatasetReleaseV1.0/beat_english_v2.0.0/wave16k/17_itoi_0_104_104.wav,87.0
ExpressiveWholeBodyDatasetReleaseV1.0/beat_english_v2.0.0/wave16k/17_itoi_0_1_1.wav,87.0
ExpressiveWholeBodyDatasetReleaseV1.0/beat_english_v2.0.0/wave16k/17_itoi_0_87_87.wav,87.0
ExpressiveWholeBodyDatasetReleaseV1.0/beat_english_v2.0.0/wave16k/18_daiki_0_104_104.wav,87.0
ExpressiveWholeBodyDatasetReleaseV1.0/beat_english_v2.0.0/wave16k/18_daiki_0_12_12.wav,87.0
ExpressiveWholeBodyDatasetReleaseV1.0/beat_english_v2.0.0/wave16k/20_li_0_104_104.wav,87.0
ExpressiveWholeBodyDatasetReleaseV1.0/beat_english_v2.0.0/wave16k/23_hailing_0_88_88.wav,87.0
ExpressiveWholeBodyDatasetReleaseV1.0/beat_english_v2.0.0/wave16k/24_kexin_0_2_2.wav,87.0
ExpressiveWholeBodyDatasetReleaseV1.0/beat_english_v2.0.0/wave16k/24_kexin_0_6_6.wav,87.0
ExpressiveWholeBodyDatasetReleaseV1.0/beat_english_v2.0.0/wave16k/3_solomon_0_17_17.wav,87.0
ExpressiveWholeBodyDatasetReleaseV1.0/beat_english_v2.0.0/wave16k/4_lawrence_0_50_50.wav,87.0
ExpressiveWholeBodyDatasetReleaseV1.0/beat_english_v2.0.0/wave16k/9_miranda_0_35_35.wav,87.0
ExpressiveWholeBodyDatasetReleaseV1.0/beat_english_v2.0.0/wave16k/27_yingqing_0_1_1.wav,86.8534375
ExpressiveWholeBodyDatasetReleaseV1.0/beat_english_v2.0.0/wave16k/20_li_0_1_1.wav,86.7866875
ExpressiveWholeBodyDatasetReleaseV1.0/beat_english_v2.0.0/wave16k/11_nidal_0_2_2.wav,86.65325
ExpressiveWholeBodyDatasetReleaseV1.0/beat_english_v2.0.0/wave16k/27_yingqing_0_5_5.wav,86.052625
ExpressiveWholeBodyDatasetReleaseV1.0/beat_english_v2.0.0/wave16k/11_nidal_0_43_43.wav,86.0
ExpressiveWholeBodyDatasetReleaseV1.0/beat_english_v2.0.0/wave16k/12_zhao_0_16_16.wav,86.0
ExpressiveWholeBodyDatasetReleaseV1.0/beat_english_v2.0.0/wave16k/13_lu_0_16_16.wav,86.0
ExpressiveWholeBodyDatasetReleaseV1.0/beat_english_v2.0.0/wave16k/15_carlos_0_82_82.wav,86.0
ExpressiveWholeBodyDatasetReleaseV1.0/beat_english_v2.0.0/wave16k/17_itoi_0_88_88.wav,86.0
ExpressiveWholeBodyDatasetReleaseV1.0/beat_english_v2.0.0/wave16k/21_ayana_0_12_12.wav,86.0
ExpressiveWholeBodyDatasetReleaseV1.0/beat_english_v2.0.0/wave16k/21_ayana_0_17_17.wav,86.0
ExpressiveWholeBodyDatasetReleaseV1.0/beat_english_v2.0.0/wave16k/21_ayana_0_87_87.wav,86.0
ExpressiveWholeBodyDatasetReleaseV1.0/beat_english_v2.0.0/wave16k/23_hailing_0_11_11.wav,86.0
ExpressiveWholeBodyDatasetReleaseV1.0/beat_english_v2.0.0/wave16k/23_hailing_0_4_4.wav,86.0
ExpressiveWholeBodyDatasetReleaseV1.0/beat_english_v2.0.0/wave16k/2_scott_0_14_14.wav,86.0
ExpressiveWholeBodyDatasetReleaseV1.0/beat_english_v2.0.0/wave16k/2_scott_0_83_83.wav,86.0
ExpressiveWholeBodyDatasetReleaseV1.0/beat_english_v2.0.0/wave16k/30_katya_0_13_13.wav,86.0
ExpressiveWholeBodyDatasetReleaseV1.0/beat_english_v2.0.0/wave16k/30_katya_0_14_14.wav,86.0
ExpressiveWholeBodyDatasetReleaseV1.0/beat_english_v2.0.0/wave16k/30_katya_0_16_16.wav,86.0
ExpressiveWholeBodyDatasetReleaseV1.0/beat_english_v2.0.0/wave16k/3_solomon_0_30_30.wav,86.0
ExpressiveWholeBodyDatasetReleaseV1.0/beat_english_v2.0.0/wave16k/3_solomon_0_34_34.wav,86.0
ExpressiveWholeBodyDatasetReleaseV1.0/beat_english_v2.0.0/wave16k/3_solomon_0_8_8.wav,86.0
ExpressiveWholeBodyDatasetReleaseV1.0/beat_english_v2.0.0/wave16k/4_lawrence_0_7_7.wav,86.0
ExpressiveWholeBodyDatasetReleaseV1.0/beat_english_v2.0.0/wave16k/27_yingqing_0_6_6.wav,85.7856875
ExpressiveWholeBodyDatasetReleaseV1.0/beat_english_v2.0.0/wave16k/27_yingqing_0_8_8.wav,85.6855625
ExpressiveWholeBodyDatasetReleaseV1.0/beat_english_v2.0.0/wave16k/27_yingqing_0_111_111.wav,85.4186875
ExpressiveWholeBodyDatasetReleaseV1.0/beat_english_v2.0.0/wave16k/27_yingqing_0_103_103.wav,85.3185625
ExpressiveWholeBodyDatasetReleaseV1.0/beat_english_v2.0.0/wave16k/11_nidal_0_27_27.wav,85.0
ExpressiveWholeBodyDatasetReleaseV1.0/beat_english_v2.0.0/wave16k/11_nidal_0_46_46.wav,85.0
ExpressiveWholeBodyDatasetReleaseV1.0/beat_english_v2.0.0/wave16k/11_nidal_0_4_4.wav,85.0
ExpressiveWholeBodyDatasetReleaseV1.0/beat_english_v2.0.0/wave16k/11_nidal_0_66_66.wav,85.0
ExpressiveWholeBodyDatasetReleaseV1.0/beat_english_v2.0.0/wave16k/12_zhao_0_8_8.wav,85.0
ExpressiveWholeBodyDatasetReleaseV1.0/beat_english_v2.0.0/wave16k/15_carlos_0_81_81.wav,85.0
ExpressiveWholeBodyDatasetReleaseV1.0/beat_english_v2.0.0/wave16k/17_itoi_0_111_111.wav,85.0
ExpressiveWholeBodyDatasetReleaseV1.0/beat_english_v2.0.0/wave16k/17_itoi_0_3_3.wav,85.0
ExpressiveWholeBodyDatasetReleaseV1.0/beat_english_v2.0.0/wave16k/17_itoi_0_65_65.wav,85.0
ExpressiveWholeBodyDatasetReleaseV1.0/beat_english_v2.0.0/wave16k/20_li_0_2_2.wav,85.0
ExpressiveWholeBodyDatasetReleaseV1.0/beat_english_v2.0.0/wave16k/20_li_0_66_66.wav,85.0
ExpressiveWholeBodyDatasetReleaseV1.0/beat_english_v2.0.0/wave16k/24_kexin_0_104_104.wav,85.0
ExpressiveWholeBodyDatasetReleaseV1.0/beat_english_v2.0.0/wave16k/24_kexin_0_4_4.wav,85.0
ExpressiveWholeBodyDatasetReleaseV1.0/beat_english_v2.0.0/wave16k/24_kexin_0_87_87.wav,85.0
ExpressiveWholeBodyDatasetReleaseV1.0/beat_english_v2.0.0/wave16k/24_kexin_0_8_8.wav,85.0
ExpressiveWholeBodyDatasetReleaseV1.0/beat_english_v2.0.0/wave16k/28_tiffnay_0_5_5.wav,85.0
ExpressiveWholeBodyDatasetReleaseV1.0/beat_english_v2.0.0/wave16k/30_katya_0_5_5.wav,85.0
ExpressiveWholeBodyDatasetReleaseV1.0/beat_english_v2.0.0/wave16k/3_solomon_0_12_12.wav,85.0
ExpressiveWholeBodyDatasetReleaseV1.0/beat_english_v2.0.0/wave16k/3_solomon_0_5_5.wav,85.0
ExpressiveWholeBodyDatasetReleaseV1.0/beat_english_v2.0.0/wave16k/4_lawrence_0_111_111.wav,85.0
ExpressiveWholeBodyDatasetReleaseV1.0/beat_english_v2.0.0/wave16k/4_lawrence_0_32_32.wav,85.0
ExpressiveWholeBodyDatasetReleaseV1.0/beat_english_v2.0.0/wave16k/4_lawrence_0_3_3.wav,85.0
ExpressiveWholeBodyDatasetReleaseV1.0/beat_english_v2.0.0/wave16k/27_yingqing_0_2_2.wav,84.2841875
ExpressiveWholeBodyDatasetReleaseV1.0/beat_english_v2.0.0/wave16k/27_yingqing_0_13_13.wav,84.2174375
ExpressiveWholeBodyDatasetReleaseV1.0/beat_english_v2.0.0/wave16k/11_nidal_0_105_105.wav,84.0
ExpressiveWholeBodyDatasetReleaseV1.0/beat_english_v2.0.0/wave16k/11_nidal_0_108_108.wav,84.0
ExpressiveWholeBodyDatasetReleaseV1.0/beat_english_v2.0.0/wave16k/11_nidal_0_10_10.wav,84.0
ExpressiveWholeBodyDatasetReleaseV1.0/beat_english_v2.0.0/wave16k/11_nidal_0_38_38.wav,84.0
ExpressiveWholeBodyDatasetReleaseV1.0/beat_english_v2.0.0/wave16k/12_zhao_0_12_12.wav,84.0
ExpressiveWholeBodyDatasetReleaseV1.0/beat_english_v2.0.0/wave16k/17_itoi_0_12_12.wav,84.0
ExpressiveWholeBodyDatasetReleaseV1.0/beat_english_v2.0.0/wave16k/18_daiki_0_2_2.wav,84.0
ExpressiveWholeBodyDatasetReleaseV1.0/beat_english_v2.0.0/wave16k/21_ayana_0_22_22.wav,84.0
ExpressiveWholeBodyDatasetReleaseV1.0/beat_english_v2.0.0/wave16k/22_luqi_0_87_87.wav,84.0
ExpressiveWholeBodyDatasetReleaseV1.0/beat_english_v2.0.0/wave16k/24_kexin_0_103_103.wav,84.0
ExpressiveWholeBodyDatasetReleaseV1.0/beat_english_v2.0.0/wave16k/28_tiffnay_0_8_8.wav,84.0
ExpressiveWholeBodyDatasetReleaseV1.0/beat_english_v2.0.0/wave16k/30_katya_0_103_103.wav,84.0
ExpressiveWholeBodyDatasetReleaseV1.0/beat_english_v2.0.0/wave16k/30_katya_0_4_4.wav,84.0
ExpressiveWholeBodyDatasetReleaseV1.0/beat_english_v2.0.0/wave16k/30_katya_0_6_6.wav,84.0
ExpressiveWholeBodyDatasetReleaseV1.0/beat_english_v2.0.0/wave16k/3_solomon_0_87_87.wav,84.0
ExpressiveWholeBodyDatasetReleaseV1.0/beat_english_v2.0.0/wave16k/27_yingqing_0_82_82.wav,83.2831875
ExpressiveWholeBodyDatasetReleaseV1.0/beat_english_v2.0.0/wave16k/27_yingqing_0_4_4.wav,83.083
ExpressiveWholeBodyDatasetReleaseV1.0/beat_english_v2.0.0/wave16k/11_nidal_0_22_22.wav,83.0
ExpressiveWholeBodyDatasetReleaseV1.0/beat_english_v2.0.0/wave16k/11_nidal_0_61_61.wav,83.0
ExpressiveWholeBodyDatasetReleaseV1.0/beat_english_v2.0.0/wave16k/11_nidal_0_62_62.wav,83.0
ExpressiveWholeBodyDatasetReleaseV1.0/beat_english_v2.0.0/wave16k/11_nidal_0_64_64.wav,83.0
ExpressiveWholeBodyDatasetReleaseV1.0/beat_english_v2.0.0/wave16k/12_zhao_0_7_7.wav,83.0
ExpressiveWholeBodyDatasetReleaseV1.0/beat_english_v2.0.0/wave16k/20_li_0_81_81.wav,83.0
ExpressiveWholeBodyDatasetReleaseV1.0/beat_english_v2.0.0/wave16k/22_luqi_0_6_6.wav,83.0
ExpressiveWholeBodyDatasetReleaseV1.0/beat_english_v2.0.0/wave16k/23_hailing_0_104_104.wav,83.0
ExpressiveWholeBodyDatasetReleaseV1.0/beat_english_v2.0.0/wave16k/28_tiffnay_0_104_104.wav,83.0
ExpressiveWholeBodyDatasetReleaseV1.0/beat_english_v2.0.0/wave16k/28_tiffnay_0_6_6.wav,83.0
ExpressiveWholeBodyDatasetReleaseV1.0/beat_english_v2.0.0/wave16k/2_scott_0_6_6.wav,83.0
ExpressiveWholeBodyDatasetReleaseV1.0/beat_english_v2.0.0/wave16k/3_solomon_0_104_104.wav,83.0
ExpressiveWholeBodyDatasetReleaseV1.0/beat_english_v2.0.0/wave16k/3_solomon_0_14_14.wav,83.0
ExpressiveWholeBodyDatasetReleaseV1.0/beat_english_v2.0.0/wave16k/3_solomon_0_4_4.wav,83.0
ExpressiveWholeBodyDatasetReleaseV1.0/beat_english_v2.0.0/wave16k/4_lawrence_0_30_30.wav,83.0
ExpressiveWholeBodyDatasetReleaseV1.0/beat_english_v2.0.0/wave16k/4_lawrence_0_86_86.wav,83.0
ExpressiveWholeBodyDatasetReleaseV1.0/beat_english_v2.0.0/wave16k/25_goto_0_81_81.wav,82.482375
ExpressiveWholeBodyDatasetReleaseV1.0/beat_english_v2.0.0/wave16k/11_nidal_0_112_112.wav,82.0
ExpressiveWholeBodyDatasetReleaseV1.0/beat_english_v2.0.0/wave16k/11_nidal_0_18_18.wav,82.0
ExpressiveWholeBodyDatasetReleaseV1.0/beat_english_v2.0.0/wave16k/11_nidal_0_65_65.wav,82.0
ExpressiveWholeBodyDatasetReleaseV1.0/beat_english_v2.0.0/wave16k/11_nidal_0_80_80.wav,82.0
ExpressiveWholeBodyDatasetReleaseV1.0/beat_english_v2.0.0/wave16k/11_nidal_0_82_82.wav,82.0
ExpressiveWholeBodyDatasetReleaseV1.0/beat_english_v2.0.0/wave16k/13_lu_0_5_5.wav,82.0
ExpressiveWholeBodyDatasetReleaseV1.0/beat_english_v2.0.0/wave16k/17_itoi_0_103_103.wav,82.0
ExpressiveWholeBodyDatasetReleaseV1.0/beat_english_v2.0.0/wave16k/18_daiki_0_82_82.wav,82.0
ExpressiveWholeBodyDatasetReleaseV1.0/beat_english_v2.0.0/wave16k/1_wayne_0_15_15.wav,82.0
ExpressiveWholeBodyDatasetReleaseV1.0/beat_english_v2.0.0/wave16k/20_li_0_9_9.wav,82.0
ExpressiveWholeBodyDatasetReleaseV1.0/beat_english_v2.0.0/wave16k/21_ayana_0_25_25.wav,82.0
ExpressiveWholeBodyDatasetReleaseV1.0/beat_english_v2.0.0/wave16k/22_luqi_0_2_2.wav,82.0
ExpressiveWholeBodyDatasetReleaseV1.0/beat_english_v2.0.0/wave16k/23_hailing_0_6_6.wav,82.0
ExpressiveWholeBodyDatasetReleaseV1.0/beat_english_v2.0.0/wave16k/28_tiffnay_0_16_16.wav,82.0
ExpressiveWholeBodyDatasetReleaseV1.0/beat_english_v2.0.0/wave16k/28_tiffnay_0_1_1.wav,82.0
ExpressiveWholeBodyDatasetReleaseV1.0/beat_english_v2.0.0/wave16k/30_katya_0_104_104.wav,82.0
ExpressiveWholeBodyDatasetReleaseV1.0/beat_english_v2.0.0/wave16k/30_katya_0_87_87.wav,82.0
ExpressiveWholeBodyDatasetReleaseV1.0/beat_english_v2.0.0/wave16k/3_solomon_0_26_26.wav,82.0
ExpressiveWholeBodyDatasetReleaseV1.0/beat_english_v2.0.0/wave16k/3_solomon_0_29_29.wav,82.0
ExpressiveWholeBodyDatasetReleaseV1.0/beat_english_v2.0.0/wave16k/3_solomon_0_6_6.wav,82.0
ExpressiveWholeBodyDatasetReleaseV1.0/beat_english_v2.0.0/wave16k/4_lawrence_0_103_103.wav,82.0
ExpressiveWholeBodyDatasetReleaseV1.0/beat_english_v2.0.0/wave16k/4_lawrence_0_19_19.wav,82.0
ExpressiveWholeBodyDatasetReleaseV1.0/beat_english_v2.0.0/wave16k/4_lawrence_0_27_27.wav,82.0
ExpressiveWholeBodyDatasetReleaseV1.0/beat_english_v2.0.0/wave16k/4_lawrence_0_2_2.wav,82.0
ExpressiveWholeBodyDatasetReleaseV1.0/beat_english_v2.0.0/wave16k/7_sophie_0_116_116.wav,82.0
ExpressiveWholeBodyDatasetReleaseV1.0/beat_english_v2.0.0/wave16k/12_zhao_0_13_13.wav,81.0
ExpressiveWholeBodyDatasetReleaseV1.0/beat_english_v2.0.0/wave16k/12_zhao_0_3_3.wav,81.0
ExpressiveWholeBodyDatasetReleaseV1.0/beat_english_v2.0.0/wave16k/12_zhao_0_81_81.wav,81.0
ExpressiveWholeBodyDatasetReleaseV1.0/beat_english_v2.0.0/wave16k/18_daiki_0_11_11.wav,81.0
ExpressiveWholeBodyDatasetReleaseV1.0/beat_english_v2.0.0/wave16k/20_li_0_82_82.wav,81.0
ExpressiveWholeBodyDatasetReleaseV1.0/beat_english_v2.0.0/wave16k/21_ayana_0_13_13.wav,81.0
ExpressiveWholeBodyDatasetReleaseV1.0/beat_english_v2.0.0/wave16k/22_luqi_0_104_104.wav,81.0
ExpressiveWholeBodyDatasetReleaseV1.0/beat_english_v2.0.0/wave16k/23_hailing_0_2_2.wav,81.0
ExpressiveWholeBodyDatasetReleaseV1.0/beat_english_v2.0.0/wave16k/24_kexin_0_7_7.wav,81.0
ExpressiveWholeBodyDatasetReleaseV1.0/beat_english_v2.0.0/wave16k/24_kexin_0_82_82.wav,81.0
ExpressiveWholeBodyDatasetReleaseV1.0/beat_english_v2.0.0/wave16k/3_solomon_0_19_19.wav,81.0
ExpressiveWholeBodyDatasetReleaseV1.0/beat_english_v2.0.0/wave16k/3_solomon_0_7_7.wav,81.0
ExpressiveWholeBodyDatasetReleaseV1.0/beat_english_v2.0.0/wave16k/3_solomon_0_88_88.wav,81.0
ExpressiveWholeBodyDatasetReleaseV1.0/beat_english_v2.0.0/wave16k/4_lawrence_0_100_100.wav,81.0
ExpressiveWholeBodyDatasetReleaseV1.0/beat_english_v2.0.0/wave16k/4_lawrence_0_12_12.wav,81.0
ExpressiveWholeBodyDatasetReleaseV1.0/beat_english_v2.0.0/wave16k/4_lawrence_0_13_13.wav,81.0
ExpressiveWholeBodyDatasetReleaseV1.0/beat_english_v2.0.0/wave16k/4_lawrence_0_29_29.wav,81.0
ExpressiveWholeBodyDatasetReleaseV1.0/beat_english_v2.0.0/wave16k/4_lawrence_0_40_40.wav,81.0
ExpressiveWholeBodyDatasetReleaseV1.0/beat_english_v2.0.0/wave16k/25_goto_0_112_112.wav,80.7139375
ExpressiveWholeBodyDatasetReleaseV1.0/beat_english_v2.0.0/wave16k/27_yingqing_0_12_12.wav,80.046625
ExpressiveWholeBodyDatasetReleaseV1.0/beat_english_v2.0.0/wave16k/11_nidal_0_102_102.wav,80.0
ExpressiveWholeBodyDatasetReleaseV1.0/beat_english_v2.0.0/wave16k/11_nidal_0_20_20.wav,80.0
ExpressiveWholeBodyDatasetReleaseV1.0/beat_english_v2.0.0/wave16k/11_nidal_0_28_28.wav,80.0
ExpressiveWholeBodyDatasetReleaseV1.0/beat_english_v2.0.0/wave16k/11_nidal_0_86_86.wav,80.0
ExpressiveWholeBodyDatasetReleaseV1.0/beat_english_v2.0.0/wave16k/12_zhao_0_104_104.wav,80.0
ExpressiveWholeBodyDatasetReleaseV1.0/beat_english_v2.0.0/wave16k/12_zhao_0_2_2.wav,80.0
ExpressiveWholeBodyDatasetReleaseV1.0/beat_english_v2.0.0/wave16k/13_lu_0_4_4.wav,80.0
ExpressiveWholeBodyDatasetReleaseV1.0/beat_english_v2.0.0/wave16k/13_lu_0_82_82.wav,80.0
ExpressiveWholeBodyDatasetReleaseV1.0/beat_english_v2.0.0/wave16k/13_lu_0_88_88.wav,80.0
ExpressiveWholeBodyDatasetReleaseV1.0/beat_english_v2.0.0/wave16k/15_carlos_0_66_66.wav,80.0
ExpressiveWholeBodyDatasetReleaseV1.0/beat_english_v2.0.0/wave16k/15_carlos_0_74_74.wav,80.0
ExpressiveWholeBodyDatasetReleaseV1.0/beat_english_v2.0.0/wave16k/15_carlos_0_9_9.wav,80.0
ExpressiveWholeBodyDatasetReleaseV1.0/beat_english_v2.0.0/wave16k/1_wayne_0_81_81.wav,80.0
ExpressiveWholeBodyDatasetReleaseV1.0/beat_english_v2.0.0/wave16k/1_wayne_0_87_87.wav,80.0
ExpressiveWholeBodyDatasetReleaseV1.0/beat_english_v2.0.0/wave16k/20_li_0_65_65.wav,80.0
ExpressiveWholeBodyDatasetReleaseV1.0/beat_english_v2.0.0/wave16k/22_luqi_0_103_103.wav,80.0
ExpressiveWholeBodyDatasetReleaseV1.0/beat_english_v2.0.0/wave16k/22_luqi_0_4_4.wav,80.0
ExpressiveWholeBodyDatasetReleaseV1.0/beat_english_v2.0.0/wave16k/23_hailing_0_1_1.wav,80.0
ExpressiveWholeBodyDatasetReleaseV1.0/beat_english_v2.0.0/wave16k/23_hailing_0_7_7.wav,80.0
ExpressiveWholeBodyDatasetReleaseV1.0/beat_english_v2.0.0/wave16k/23_hailing_0_87_87.wav,80.0
ExpressiveWholeBodyDatasetReleaseV1.0/beat_english_v2.0.0/wave16k/24_kexin_0_13_13.wav,80.0
ExpressiveWholeBodyDatasetReleaseV1.0/beat_english_v2.0.0/wave16k/28_tiffnay_0_12_12.wav,80.0
ExpressiveWholeBodyDatasetReleaseV1.0/beat_english_v2.0.0/wave16k/28_tiffnay_0_13_13.wav,80.0
ExpressiveWholeBodyDatasetReleaseV1.0/beat_english_v2.0.0/wave16k/28_tiffnay_0_3_3.wav,80.0
ExpressiveWholeBodyDatasetReleaseV1.0/beat_english_v2.0.0/wave16k/30_katya_0_12_12.wav,80.0
ExpressiveWholeBodyDatasetReleaseV1.0/beat_english_v2.0.0/wave16k/3_solomon_0_22_22.wav,80.0
ExpressiveWholeBodyDatasetReleaseV1.0/beat_english_v2.0.0/wave16k/3_solomon_0_50_50.wav,80.0
ExpressiveWholeBodyDatasetReleaseV1.0/beat_english_v2.0.0/wave16k/5_stewart_0_87_87.wav,80.0
ExpressiveWholeBodyDatasetReleaseV1.0/beat_english_v2.0.0/wave16k/7_sophie_0_16_16.wav,80.0
ExpressiveWholeBodyDatasetReleaseV1.0/beat_english_v2.0.0/wave16k/12_zhao_0_6_6.wav,79.0
ExpressiveWholeBodyDatasetReleaseV1.0/beat_english_v2.0.0/wave16k/13_lu_0_6_6.wav,79.0
ExpressiveWholeBodyDatasetReleaseV1.0/beat_english_v2.0.0/wave16k/13_lu_0_87_87.wav,79.0
ExpressiveWholeBodyDatasetReleaseV1.0/beat_english_v2.0.0/wave16k/17_itoi_0_9_9.wav,79.0
ExpressiveWholeBodyDatasetReleaseV1.0/beat_english_v2.0.0/wave16k/18_daiki_0_7_7.wav,79.0
ExpressiveWholeBodyDatasetReleaseV1.0/beat_english_v2.0.0/wave16k/1_wayne_0_85_85.wav,79.0
ExpressiveWholeBodyDatasetReleaseV1.0/beat_english_v2.0.0/wave16k/20_li_0_111_111.wav,79.0
ExpressiveWholeBodyDatasetReleaseV1.0/beat_english_v2.0.0/wave16k/21_ayana_0_115_115.wav,79.0
ExpressiveWholeBodyDatasetReleaseV1.0/beat_english_v2.0.0/wave16k/22_luqi_0_5_5.wav,79.0
ExpressiveWholeBodyDatasetReleaseV1.0/beat_english_v2.0.0/wave16k/22_luqi_0_82_82.wav,79.0
ExpressiveWholeBodyDatasetReleaseV1.0/beat_english_v2.0.0/wave16k/23_hailing_0_3_3.wav,79.0
ExpressiveWholeBodyDatasetReleaseV1.0/beat_english_v2.0.0/wave16k/24_kexin_0_12_12.wav,79.0
ExpressiveWholeBodyDatasetReleaseV1.0/beat_english_v2.0.0/wave16k/28_tiffnay_0_2_2.wav,79.0
ExpressiveWholeBodyDatasetReleaseV1.0/beat_english_v2.0.0/wave16k/2_scott_0_66_66.wav,79.0
ExpressiveWholeBodyDatasetReleaseV1.0/beat_english_v2.0.0/wave16k/30_katya_0_8_8.wav,79.0
ExpressiveWholeBodyDatasetReleaseV1.0/beat_english_v2.0.0/wave16k/3_solomon_0_13_13.wav,79.0
ExpressiveWholeBodyDatasetReleaseV1.0/beat_english_v2.0.0/wave16k/3_solomon_0_32_32.wav,79.0
ExpressiveWholeBodyDatasetReleaseV1.0/beat_english_v2.0.0/wave16k/4_lawrence_0_104_104.wav,79.0
ExpressiveWholeBodyDatasetReleaseV1.0/beat_english_v2.0.0/wave16k/4_lawrence_0_22_22.wav,79.0
ExpressiveWholeBodyDatasetReleaseV1.0/beat_english_v2.0.0/wave16k/25_goto_0_66_66.wav,78.8788125
ExpressiveWholeBodyDatasetReleaseV1.0/beat_english_v2.0.0/wave16k/27_yingqing_0_7_7.wav,78.5785
ExpressiveWholeBodyDatasetReleaseV1.0/beat_english_v2.0.0/wave16k/27_yingqing_0_66_66.wav,78.445
ExpressiveWholeBodyDatasetReleaseV1.0/beat_english_v2.0.0/wave16k/11_nidal_0_21_21.wav,78.0
ExpressiveWholeBodyDatasetReleaseV1.0/beat_english_v2.0.0/wave16k/11_nidal_0_23_23.wav,78.0
ExpressiveWholeBodyDatasetReleaseV1.0/beat_english_v2.0.0/wave16k/11_nidal_0_35_35.wav,78.0
ExpressiveWholeBodyDatasetReleaseV1.0/beat_english_v2.0.0/wave16k/11_nidal_0_69_69.wav,78.0
ExpressiveWholeBodyDatasetReleaseV1.0/beat_english_v2.0.0/wave16k/11_nidal_0_74_74.wav,78.0
ExpressiveWholeBodyDatasetReleaseV1.0/beat_english_v2.0.0/wave16k/11_nidal_0_99_99.wav,78.0
ExpressiveWholeBodyDatasetReleaseV1.0/beat_english_v2.0.0/wave16k/13_lu_0_12_12.wav,78.0
ExpressiveWholeBodyDatasetReleaseV1.0/beat_english_v2.0.0/wave16k/13_lu_0_7_7.wav,78.0
ExpressiveWholeBodyDatasetReleaseV1.0/beat_english_v2.0.0/wave16k/17_itoi_0_112_112.wav,78.0
ExpressiveWholeBodyDatasetReleaseV1.0/beat_english_v2.0.0/wave16k/17_itoi_0_11_11.wav,78.0
ExpressiveWholeBodyDatasetReleaseV1.0/beat_english_v2.0.0/wave16k/21_ayana_0_90_90.wav,78.0
ExpressiveWholeBodyDatasetReleaseV1.0/beat_english_v2.0.0/wave16k/22_luqi_0_3_3.wav,78.0
ExpressiveWholeBodyDatasetReleaseV1.0/beat_english_v2.0.0/wave16k/28_tiffnay_0_103_103.wav,78.0
ExpressiveWholeBodyDatasetReleaseV1.0/beat_english_v2.0.0/wave16k/28_tiffnay_0_4_4.wav,78.0
ExpressiveWholeBodyDatasetReleaseV1.0/beat_english_v2.0.0/wave16k/2_scott_0_24_24.wav,78.0
ExpressiveWholeBodyDatasetReleaseV1.0/beat_english_v2.0.0/wave16k/2_scott_0_87_87.wav,78.0
ExpressiveWholeBodyDatasetReleaseV1.0/beat_english_v2.0.0/wave16k/2_scott_0_8_8.wav,78.0
ExpressiveWholeBodyDatasetReleaseV1.0/beat_english_v2.0.0/wave16k/30_katya_0_11_11.wav,78.0
ExpressiveWholeBodyDatasetReleaseV1.0/beat_english_v2.0.0/wave16k/3_solomon_0_24_24.wav,78.0
ExpressiveWholeBodyDatasetReleaseV1.0/beat_english_v2.0.0/wave16k/3_solomon_0_3_3.wav,78.0
ExpressiveWholeBodyDatasetReleaseV1.0/beat_english_v2.0.0/wave16k/4_lawrence_0_102_102.wav,78.0
ExpressiveWholeBodyDatasetReleaseV1.0/beat_english_v2.0.0/wave16k/4_lawrence_0_31_31.wav,78.0
ExpressiveWholeBodyDatasetReleaseV1.0/beat_english_v2.0.0/wave16k/5_stewart_0_15_15.wav,78.0
ExpressiveWholeBodyDatasetReleaseV1.0/beat_english_v2.0.0/wave16k/27_yingqing_0_81_81.wav,77.8110625
ExpressiveWholeBodyDatasetReleaseV1.0/beat_english_v2.0.0/wave16k/25_goto_0_95_95.wav,77.7776875
ExpressiveWholeBodyDatasetReleaseV1.0/beat_english_v2.0.0/wave16k/27_yingqing_0_74_74.wav,77.7109375
ExpressiveWholeBodyDatasetReleaseV1.0/beat_english_v2.0.0/wave16k/11_nidal_0_44_44.wav,77.0
ExpressiveWholeBodyDatasetReleaseV1.0/beat_english_v2.0.0/wave16k/11_nidal_0_70_70.wav,77.0
ExpressiveWholeBodyDatasetReleaseV1.0/beat_english_v2.0.0/wave16k/12_zhao_0_103_103.wav,77.0
ExpressiveWholeBodyDatasetReleaseV1.0/beat_english_v2.0.0/wave16k/18_daiki_0_66_66.wav,77.0
ExpressiveWholeBodyDatasetReleaseV1.0/beat_english_v2.0.0/wave16k/1_wayne_0_27_27.wav,77.0
ExpressiveWholeBodyDatasetReleaseV1.0/beat_english_v2.0.0/wave16k/1_wayne_0_88_88.wav,77.0
ExpressiveWholeBodyDatasetReleaseV1.0/beat_english_v2.0.0/wave16k/20_li_0_112_112.wav,77.0
ExpressiveWholeBodyDatasetReleaseV1.0/beat_english_v2.0.0/wave16k/21_ayana_0_88_88.wav,77.0
ExpressiveWholeBodyDatasetReleaseV1.0/beat_english_v2.0.0/wave16k/21_ayana_0_89_89.wav,77.0
ExpressiveWholeBodyDatasetReleaseV1.0/beat_english_v2.0.0/wave16k/23_hailing_0_103_103.wav,77.0
ExpressiveWholeBodyDatasetReleaseV1.0/beat_english_v2.0.0/wave16k/24_kexin_0_11_11.wav,77.0
ExpressiveWholeBodyDatasetReleaseV1.0/beat_english_v2.0.0/wave16k/24_kexin_0_3_3.wav,77.0
ExpressiveWholeBodyDatasetReleaseV1.0/beat_english_v2.0.0/wave16k/28_tiffnay_0_87_87.wav,77.0
ExpressiveWholeBodyDatasetReleaseV1.0/beat_english_v2.0.0/wave16k/28_tiffnay_0_88_88.wav,77.0
ExpressiveWholeBodyDatasetReleaseV1.0/beat_english_v2.0.0/wave16k/2_scott_0_46_46.wav,77.0
ExpressiveWholeBodyDatasetReleaseV1.0/beat_english_v2.0.0/wave16k/2_scott_0_5_5.wav,77.0
ExpressiveWholeBodyDatasetReleaseV1.0/beat_english_v2.0.0/wave16k/30_katya_0_2_2.wav,77.0
ExpressiveWholeBodyDatasetReleaseV1.0/beat_english_v2.0.0/wave16k/30_katya_0_3_3.wav,77.0
ExpressiveWholeBodyDatasetReleaseV1.0/beat_english_v2.0.0/wave16k/30_katya_0_7_7.wav,77.0
ExpressiveWholeBodyDatasetReleaseV1.0/beat_english_v2.0.0/wave16k/3_solomon_0_62_62.wav,77.0
ExpressiveWholeBodyDatasetReleaseV1.0/beat_english_v2.0.0/wave16k/3_solomon_0_82_82.wav,77.0
ExpressiveWholeBodyDatasetReleaseV1.0/beat_english_v2.0.0/wave16k/3_solomon_0_85_85.wav,77.0
ExpressiveWholeBodyDatasetReleaseV1.0/beat_english_v2.0.0/wave16k/4_lawrence_0_114_114.wav,77.0
ExpressiveWholeBodyDatasetReleaseV1.0/beat_english_v2.0.0/wave16k/4_lawrence_0_20_20.wav,77.0
ExpressiveWholeBodyDatasetReleaseV1.0/beat_english_v2.0.0/wave16k/4_lawrence_0_28_28.wav,77.0
ExpressiveWholeBodyDatasetReleaseV1.0/beat_english_v2.0.0/wave16k/5_stewart_0_88_88.wav,77.0
ExpressiveWholeBodyDatasetReleaseV1.0/beat_english_v2.0.0/wave16k/7_sophie_0_22_22.wav,77.0
ExpressiveWholeBodyDatasetReleaseV1.0/beat_english_v2.0.0/wave16k/7_sophie_0_27_27.wav,77.0
ExpressiveWholeBodyDatasetReleaseV1.0/beat_english_v2.0.0/wave16k/7_sophie_0_32_32.wav,77.0
ExpressiveWholeBodyDatasetReleaseV1.0/beat_english_v2.0.0/wave16k/3_solomon_0_1_1.wav,76.976875
ExpressiveWholeBodyDatasetReleaseV1.0/beat_english_v2.0.0/wave16k/27_yingqing_0_3_3.wav,76.5765
ExpressiveWholeBodyDatasetReleaseV1.0/beat_english_v2.0.0/wave16k/10_kieks_0_15_15.wav,76.0
ExpressiveWholeBodyDatasetReleaseV1.0/beat_english_v2.0.0/wave16k/10_kieks_0_16_16.wav,76.0
ExpressiveWholeBodyDatasetReleaseV1.0/beat_english_v2.0.0/wave16k/11_nidal_0_50_50.wav,76.0
ExpressiveWholeBodyDatasetReleaseV1.0/beat_english_v2.0.0/wave16k/12_zhao_0_4_4.wav,76.0
ExpressiveWholeBodyDatasetReleaseV1.0/beat_english_v2.0.0/wave16k/13_lu_0_13_13.wav,76.0
ExpressiveWholeBodyDatasetReleaseV1.0/beat_english_v2.0.0/wave16k/13_lu_0_3_3.wav,76.0
ExpressiveWholeBodyDatasetReleaseV1.0/beat_english_v2.0.0/wave16k/17_itoi_0_7_7.wav,76.0
ExpressiveWholeBodyDatasetReleaseV1.0/beat_english_v2.0.0/wave16k/20_li_0_10_10.wav,76.0
ExpressiveWholeBodyDatasetReleaseV1.0/beat_english_v2.0.0/wave16k/21_ayana_0_24_24.wav,76.0
ExpressiveWholeBodyDatasetReleaseV1.0/beat_english_v2.0.0/wave16k/21_ayana_0_26_26.wav,76.0
ExpressiveWholeBodyDatasetReleaseV1.0/beat_english_v2.0.0/wave16k/22_luqi_0_111_111.wav,76.0
ExpressiveWholeBodyDatasetReleaseV1.0/beat_english_v2.0.0/wave16k/28_tiffnay_0_11_11.wav,76.0
ExpressiveWholeBodyDatasetReleaseV1.0/beat_english_v2.0.0/wave16k/28_tiffnay_0_66_66.wav,76.0
ExpressiveWholeBodyDatasetReleaseV1.0/beat_english_v2.0.0/wave16k/3_solomon_0_101_101.wav,76.0
ExpressiveWholeBodyDatasetReleaseV1.0/beat_english_v2.0.0/wave16k/3_solomon_0_103_103.wav,76.0
ExpressiveWholeBodyDatasetReleaseV1.0/beat_english_v2.0.0/wave16k/3_solomon_0_116_116.wav,76.0
ExpressiveWholeBodyDatasetReleaseV1.0/beat_english_v2.0.0/wave16k/3_solomon_0_21_21.wav,76.0
ExpressiveWholeBodyDatasetReleaseV1.0/beat_english_v2.0.0/wave16k/3_solomon_0_28_28.wav,76.0
ExpressiveWholeBodyDatasetReleaseV1.0/beat_english_v2.0.0/wave16k/4_lawrence_0_108_108.wav,76.0
ExpressiveWholeBodyDatasetReleaseV1.0/beat_english_v2.0.0/wave16k/4_lawrence_0_61_61.wav,76.0
ExpressiveWholeBodyDatasetReleaseV1.0/beat_english_v2.0.0/wave16k/4_lawrence_0_62_62.wav,76.0
ExpressiveWholeBodyDatasetReleaseV1.0/beat_english_v2.0.0/wave16k/5_stewart_0_16_16.wav,76.0
ExpressiveWholeBodyDatasetReleaseV1.0/beat_english_v2.0.0/wave16k/7_sophie_0_19_19.wav,76.0
ExpressiveWholeBodyDatasetReleaseV1.0/beat_english_v2.0.0/wave16k/25_goto_0_74_74.wav,75.041625
ExpressiveWholeBodyDatasetReleaseV1.0/beat_english_v2.0.0/wave16k/11_nidal_0_78_78.wav,75.0
ExpressiveWholeBodyDatasetReleaseV1.0/beat_english_v2.0.0/wave16k/11_nidal_0_92_92.wav,75.0
ExpressiveWholeBodyDatasetReleaseV1.0/beat_english_v2.0.0/wave16k/15_carlos_0_111_111.wav,75.0
ExpressiveWholeBodyDatasetReleaseV1.0/beat_english_v2.0.0/wave16k/17_itoi_0_74_74.wav,75.0
ExpressiveWholeBodyDatasetReleaseV1.0/beat_english_v2.0.0/wave16k/18_daiki_0_111_111.wav,75.0
ExpressiveWholeBodyDatasetReleaseV1.0/beat_english_v2.0.0/wave16k/18_daiki_0_112_112.wav,75.0
ExpressiveWholeBodyDatasetReleaseV1.0/beat_english_v2.0.0/wave16k/1_wayne_0_116_116.wav,75.0
ExpressiveWholeBodyDatasetReleaseV1.0/beat_english_v2.0.0/wave16k/1_wayne_0_32_32.wav,75.0
ExpressiveWholeBodyDatasetReleaseV1.0/beat_english_v2.0.0/wave16k/21_ayana_0_21_21.wav,75.0
ExpressiveWholeBodyDatasetReleaseV1.0/beat_english_v2.0.0/wave16k/21_ayana_0_85_85.wav,75.0
ExpressiveWholeBodyDatasetReleaseV1.0/beat_english_v2.0.0/wave16k/22_luqi_0_8_8.wav,75.0
ExpressiveWholeBodyDatasetReleaseV1.0/beat_english_v2.0.0/wave16k/28_tiffnay_0_7_7.wav,75.0
ExpressiveWholeBodyDatasetReleaseV1.0/beat_english_v2.0.0/wave16k/28_tiffnay_0_82_82.wav,75.0
ExpressiveWholeBodyDatasetReleaseV1.0/beat_english_v2.0.0/wave16k/2_scott_0_17_17.wav,75.0
ExpressiveWholeBodyDatasetReleaseV1.0/beat_english_v2.0.0/wave16k/2_scott_0_40_40.wav,75.0
ExpressiveWholeBodyDatasetReleaseV1.0/beat_english_v2.0.0/wave16k/3_solomon_0_11_11.wav,75.0
ExpressiveWholeBodyDatasetReleaseV1.0/beat_english_v2.0.0/wave16k/3_solomon_0_90_90.wav,75.0
ExpressiveWholeBodyDatasetReleaseV1.0/beat_english_v2.0.0/wave16k/4_lawrence_0_11_11.wav,75.0
ExpressiveWholeBodyDatasetReleaseV1.0/beat_english_v2.0.0/wave16k/4_lawrence_0_33_33.wav,75.0
ExpressiveWholeBodyDatasetReleaseV1.0/beat_english_v2.0.0/wave16k/4_lawrence_0_83_83.wav,75.0
ExpressiveWholeBodyDatasetReleaseV1.0/beat_english_v2.0.0/wave16k/5_stewart_0_14_14.wav,75.0
ExpressiveWholeBodyDatasetReleaseV1.0/beat_english_v2.0.0/wave16k/7_sophie_0_15_15.wav,75.0
ExpressiveWholeBodyDatasetReleaseV1.0/beat_english_v2.0.0/wave16k/7_sophie_0_25_25.wav,75.0
ExpressiveWholeBodyDatasetReleaseV1.0/beat_english_v2.0.0/wave16k/4_lawrence_0_1_1.wav,74.2074375
ExpressiveWholeBodyDatasetReleaseV1.0/beat_english_v2.0.0/wave16k/10_kieks_0_87_87.wav,74.0
ExpressiveWholeBodyDatasetReleaseV1.0/beat_english_v2.0.0/wave16k/11_nidal_0_37_37.wav,74.0
ExpressiveWholeBodyDatasetReleaseV1.0/beat_english_v2.0.0/wave16k/11_nidal_0_59_59.wav,74.0
ExpressiveWholeBodyDatasetReleaseV1.0/beat_english_v2.0.0/wave16k/13_lu_0_2_2.wav,74.0
ExpressiveWholeBodyDatasetReleaseV1.0/beat_english_v2.0.0/wave16k/13_lu_0_81_81.wav,74.0
ExpressiveWholeBodyDatasetReleaseV1.0/beat_english_v2.0.0/wave16k/21_ayana_0_103_103.wav,74.0
ExpressiveWholeBodyDatasetReleaseV1.0/beat_english_v2.0.0/wave16k/23_hailing_0_111_111.wav,74.0
ExpressiveWholeBodyDatasetReleaseV1.0/beat_english_v2.0.0/wave16k/24_kexin_0_81_81.wav,74.0
ExpressiveWholeBodyDatasetReleaseV1.0/beat_english_v2.0.0/wave16k/30_katya_0_1_1.wav,74.0
ExpressiveWholeBodyDatasetReleaseV1.0/beat_english_v2.0.0/wave16k/3_solomon_0_18_18.wav,74.0
ExpressiveWholeBodyDatasetReleaseV1.0/beat_english_v2.0.0/wave16k/3_solomon_0_23_23.wav,74.0
ExpressiveWholeBodyDatasetReleaseV1.0/beat_english_v2.0.0/wave16k/3_solomon_0_64_64.wav,74.0
ExpressiveWholeBodyDatasetReleaseV1.0/beat_english_v2.0.0/wave16k/4_lawrence_0_21_21.wav,74.0
ExpressiveWholeBodyDatasetReleaseV1.0/beat_english_v2.0.0/wave16k/4_lawrence_0_35_35.wav,74.0
ExpressiveWholeBodyDatasetReleaseV1.0/beat_english_v2.0.0/wave16k/4_lawrence_0_46_46.wav,74.0
ExpressiveWholeBodyDatasetReleaseV1.0/beat_english_v2.0.0/wave16k/7_sophie_0_26_26.wav,74.0
ExpressiveWholeBodyDatasetReleaseV1.0/beat_english_v2.0.0/wave16k/27_yingqing_0_11_11.wav,73.9071875
ExpressiveWholeBodyDatasetReleaseV1.0/beat_english_v2.0.0/wave16k/27_yingqing_0_112_112.wav,73.540125
ExpressiveWholeBodyDatasetReleaseV1.0/beat_english_v2.0.0/wave16k/11_nidal_0_1_1.wav,73.13975
ExpressiveWholeBodyDatasetReleaseV1.0/beat_english_v2.0.0/wave16k/11_nidal_0_47_47.wav,73.0
ExpressiveWholeBodyDatasetReleaseV1.0/beat_english_v2.0.0/wave16k/13_lu_0_104_104.wav,73.0
ExpressiveWholeBodyDatasetReleaseV1.0/beat_english_v2.0.0/wave16k/18_daiki_0_74_74.wav,73.0
ExpressiveWholeBodyDatasetReleaseV1.0/beat_english_v2.0.0/wave16k/18_daiki_0_81_81.wav,73.0
ExpressiveWholeBodyDatasetReleaseV1.0/beat_english_v2.0.0/wave16k/1_wayne_0_14_14.wav,73.0
ExpressiveWholeBodyDatasetReleaseV1.0/beat_english_v2.0.0/wave16k/1_wayne_0_2_2.wav,73.0
ExpressiveWholeBodyDatasetReleaseV1.0/beat_english_v2.0.0/wave16k/1_wayne_0_30_30.wav,73.0
ExpressiveWholeBodyDatasetReleaseV1.0/beat_english_v2.0.0/wave16k/1_wayne_0_31_31.wav,73.0
ExpressiveWholeBodyDatasetReleaseV1.0/beat_english_v2.0.0/wave16k/1_wayne_0_3_3.wav,73.0
ExpressiveWholeBodyDatasetReleaseV1.0/beat_english_v2.0.0/wave16k/1_wayne_0_82_82.wav,73.0
ExpressiveWholeBodyDatasetReleaseV1.0/beat_english_v2.0.0/wave16k/1_wayne_0_8_8.wav,73.0
ExpressiveWholeBodyDatasetReleaseV1.0/beat_english_v2.0.0/wave16k/20_li_0_74_74.wav,73.0
ExpressiveWholeBodyDatasetReleaseV1.0/beat_english_v2.0.0/wave16k/21_ayana_0_20_20.wav,73.0
ExpressiveWholeBodyDatasetReleaseV1.0/beat_english_v2.0.0/wave16k/21_ayana_0_23_23.wav,73.0
ExpressiveWholeBodyDatasetReleaseV1.0/beat_english_v2.0.0/wave16k/22_luqi_0_1_1.wav,73.0
ExpressiveWholeBodyDatasetReleaseV1.0/beat_english_v2.0.0/wave16k/23_hailing_0_112_112.wav,73.0
ExpressiveWholeBodyDatasetReleaseV1.0/beat_english_v2.0.0/wave16k/2_scott_0_13_13.wav,73.0
ExpressiveWholeBodyDatasetReleaseV1.0/beat_english_v2.0.0/wave16k/30_katya_0_81_81.wav,73.0
ExpressiveWholeBodyDatasetReleaseV1.0/beat_english_v2.0.0/wave16k/3_solomon_0_115_115.wav,73.0
ExpressiveWholeBodyDatasetReleaseV1.0/beat_english_v2.0.0/wave16k/3_solomon_0_31_31.wav,73.0
ExpressiveWholeBodyDatasetReleaseV1.0/beat_english_v2.0.0/wave16k/3_solomon_0_38_38.wav,73.0
ExpressiveWholeBodyDatasetReleaseV1.0/beat_english_v2.0.0/wave16k/3_solomon_0_80_80.wav,73.0
ExpressiveWholeBodyDatasetReleaseV1.0/beat_english_v2.0.0/wave16k/3_solomon_0_9_9.wav,73.0
ExpressiveWholeBodyDatasetReleaseV1.0/beat_english_v2.0.0/wave16k/4_lawrence_0_112_112.wav,73.0
ExpressiveWholeBodyDatasetReleaseV1.0/beat_english_v2.0.0/wave16k/4_lawrence_0_37_37.wav,73.0
ExpressiveWholeBodyDatasetReleaseV1.0/beat_english_v2.0.0/wave16k/4_lawrence_0_9_9.wav,73.0
ExpressiveWholeBodyDatasetReleaseV1.0/beat_english_v2.0.0/wave16k/7_sophie_0_30_30.wav,73.0
ExpressiveWholeBodyDatasetReleaseV1.0/beat_english_v2.0.0/wave16k/25_goto_0_65_65.wav,72.9395
ExpressiveWholeBodyDatasetReleaseV1.0/beat_english_v2.0.0/wave16k/11_nidal_0_79_79.wav,72.0
ExpressiveWholeBodyDatasetReleaseV1.0/beat_english_v2.0.0/wave16k/11_nidal_0_93_93.wav,72.0
ExpressiveWholeBodyDatasetReleaseV1.0/beat_english_v2.0.0/wave16k/11_nidal_0_95_95.wav,72.0
ExpressiveWholeBodyDatasetReleaseV1.0/beat_english_v2.0.0/wave16k/12_zhao_0_111_111.wav,72.0
ExpressiveWholeBodyDatasetReleaseV1.0/beat_english_v2.0.0/wave16k/12_zhao_0_11_11.wav,72.0
ExpressiveWholeBodyDatasetReleaseV1.0/beat_english_v2.0.0/wave16k/17_itoi_0_82_82.wav,72.0
ExpressiveWholeBodyDatasetReleaseV1.0/beat_english_v2.0.0/wave16k/1_wayne_0_16_16.wav,72.0
ExpressiveWholeBodyDatasetReleaseV1.0/beat_english_v2.0.0/wave16k/1_wayne_0_22_22.wav,72.0
ExpressiveWholeBodyDatasetReleaseV1.0/beat_english_v2.0.0/wave16k/1_wayne_0_28_28.wav,72.0
ExpressiveWholeBodyDatasetReleaseV1.0/beat_english_v2.0.0/wave16k/1_wayne_0_46_46.wav,72.0
ExpressiveWholeBodyDatasetReleaseV1.0/beat_english_v2.0.0/wave16k/1_wayne_0_4_4.wav,72.0
ExpressiveWholeBodyDatasetReleaseV1.0/beat_english_v2.0.0/wave16k/1_wayne_0_5_5.wav,72.0
ExpressiveWholeBodyDatasetReleaseV1.0/beat_english_v2.0.0/wave16k/21_ayana_0_18_18.wav,72.0
ExpressiveWholeBodyDatasetReleaseV1.0/beat_english_v2.0.0/wave16k/21_ayana_0_99_99.wav,72.0
ExpressiveWholeBodyDatasetReleaseV1.0/beat_english_v2.0.0/wave16k/22_luqi_0_7_7.wav,72.0
ExpressiveWholeBodyDatasetReleaseV1.0/beat_english_v2.0.0/wave16k/23_hailing_0_10_10.wav,72.0
ExpressiveWholeBodyDatasetReleaseV1.0/beat_english_v2.0.0/wave16k/24_kexin_0_111_111.wav,72.0
ExpressiveWholeBodyDatasetReleaseV1.0/beat_english_v2.0.0/wave16k/24_kexin_0_1_1.wav,72.0
ExpressiveWholeBodyDatasetReleaseV1.0/beat_english_v2.0.0/wave16k/24_kexin_0_74_74.wav,72.0
ExpressiveWholeBodyDatasetReleaseV1.0/beat_english_v2.0.0/wave16k/2_scott_0_29_29.wav,72.0
ExpressiveWholeBodyDatasetReleaseV1.0/beat_english_v2.0.0/wave16k/2_scott_0_88_88.wav,72.0
ExpressiveWholeBodyDatasetReleaseV1.0/beat_english_v2.0.0/wave16k/30_katya_0_66_66.wav,72.0
ExpressiveWholeBodyDatasetReleaseV1.0/beat_english_v2.0.0/wave16k/30_katya_0_74_74.wav,72.0
ExpressiveWholeBodyDatasetReleaseV1.0/beat_english_v2.0.0/wave16k/3_solomon_0_40_40.wav,72.0
ExpressiveWholeBodyDatasetReleaseV1.0/beat_english_v2.0.0/wave16k/4_lawrence_0_18_18.wav,72.0
ExpressiveWholeBodyDatasetReleaseV1.0/beat_english_v2.0.0/wave16k/4_lawrence_0_38_38.wav,72.0
ExpressiveWholeBodyDatasetReleaseV1.0/beat_english_v2.0.0/wave16k/4_lawrence_0_99_99.wav,72.0
ExpressiveWholeBodyDatasetReleaseV1.0/beat_english_v2.0.0/wave16k/7_sophie_0_14_14.wav,72.0
ExpressiveWholeBodyDatasetReleaseV1.0/beat_english_v2.0.0/wave16k/7_sophie_0_17_17.wav,72.0
ExpressiveWholeBodyDatasetReleaseV1.0/beat_english_v2.0.0/wave16k/7_sophie_0_5_5.wav,72.0
ExpressiveWholeBodyDatasetReleaseV1.0/beat_english_v2.0.0/wave16k/9_miranda_0_15_15.wav,72.0
ExpressiveWholeBodyDatasetReleaseV1.0/beat_english_v2.0.0/wave16k/10_kieks_0_14_14.wav,71.0
ExpressiveWholeBodyDatasetReleaseV1.0/beat_english_v2.0.0/wave16k/10_kieks_0_5_5.wav,71.0
ExpressiveWholeBodyDatasetReleaseV1.0/beat_english_v2.0.0/wave16k/11_nidal_0_57_57.wav,71.0
ExpressiveWholeBodyDatasetReleaseV1.0/beat_english_v2.0.0/wave16k/11_nidal_0_72_72.wav,71.0
ExpressiveWholeBodyDatasetReleaseV1.0/beat_english_v2.0.0/wave16k/11_nidal_0_84_84.wav,71.0
ExpressiveWholeBodyDatasetReleaseV1.0/beat_english_v2.0.0/wave16k/11_nidal_0_94_94.wav,71.0
ExpressiveWholeBodyDatasetReleaseV1.0/beat_english_v2.0.0/wave16k/12_zhao_0_112_112.wav,71.0
ExpressiveWholeBodyDatasetReleaseV1.0/beat_english_v2.0.0/wave16k/15_carlos_0_95_95.wav,71.0
ExpressiveWholeBodyDatasetReleaseV1.0/beat_english_v2.0.0/wave16k/16_jorge_0_15_15.wav,71.0
ExpressiveWholeBodyDatasetReleaseV1.0/beat_english_v2.0.0/wave16k/1_wayne_0_104_104.wav,71.0
ExpressiveWholeBodyDatasetReleaseV1.0/beat_english_v2.0.0/wave16k/1_wayne_0_19_19.wav,71.0
ExpressiveWholeBodyDatasetReleaseV1.0/beat_english_v2.0.0/wave16k/21_ayana_0_30_30.wav,71.0
ExpressiveWholeBodyDatasetReleaseV1.0/beat_english_v2.0.0/wave16k/21_ayana_0_82_82.wav,71.0
ExpressiveWholeBodyDatasetReleaseV1.0/beat_english_v2.0.0/wave16k/23_hailing_0_82_82.wav,71.0
ExpressiveWholeBodyDatasetReleaseV1.0/beat_english_v2.0.0/wave16k/2_scott_0_116_116.wav,71.0
ExpressiveWholeBodyDatasetReleaseV1.0/beat_english_v2.0.0/wave16k/2_scott_0_16_16.wav,71.0
ExpressiveWholeBodyDatasetReleaseV1.0/beat_english_v2.0.0/wave16k/2_scott_0_26_26.wav,71.0
ExpressiveWholeBodyDatasetReleaseV1.0/beat_english_v2.0.0/wave16k/2_scott_0_32_32.wav,71.0
ExpressiveWholeBodyDatasetReleaseV1.0/beat_english_v2.0.0/wave16k/2_scott_0_80_80.wav,71.0
ExpressiveWholeBodyDatasetReleaseV1.0/beat_english_v2.0.0/wave16k/30_katya_0_112_112.wav,71.0
ExpressiveWholeBodyDatasetReleaseV1.0/beat_english_v2.0.0/wave16k/30_katya_0_82_82.wav,71.0
ExpressiveWholeBodyDatasetReleaseV1.0/beat_english_v2.0.0/wave16k/3_solomon_0_35_35.wav,71.0
ExpressiveWholeBodyDatasetReleaseV1.0/beat_english_v2.0.0/wave16k/3_solomon_0_37_37.wav,71.0
ExpressiveWholeBodyDatasetReleaseV1.0/beat_english_v2.0.0/wave16k/4_lawrence_0_93_93.wav,71.0
ExpressiveWholeBodyDatasetReleaseV1.0/beat_english_v2.0.0/wave16k/9_miranda_0_116_116.wav,71.0
ExpressiveWholeBodyDatasetReleaseV1.0/beat_english_v2.0.0/wave16k/9_miranda_0_14_14.wav,71.0
ExpressiveWholeBodyDatasetReleaseV1.0/beat_english_v2.0.0/wave16k/15_carlos_0_5_5.wav,70.5705
ExpressiveWholeBodyDatasetReleaseV1.0/beat_english_v2.0.0/wave16k/10_kieks_0_88_88.wav,70.0
ExpressiveWholeBodyDatasetReleaseV1.0/beat_english_v2.0.0/wave16k/11_nidal_0_34_34.wav,70.0
ExpressiveWholeBodyDatasetReleaseV1.0/beat_english_v2.0.0/wave16k/11_nidal_0_63_63.wav,70.0
ExpressiveWholeBodyDatasetReleaseV1.0/beat_english_v2.0.0/wave16k/11_nidal_0_81_81.wav,70.0
ExpressiveWholeBodyDatasetReleaseV1.0/beat_english_v2.0.0/wave16k/11_nidal_0_91_91.wav,70.0
ExpressiveWholeBodyDatasetReleaseV1.0/beat_english_v2.0.0/wave16k/11_nidal_0_96_96.wav,70.0
ExpressiveWholeBodyDatasetReleaseV1.0/beat_english_v2.0.0/wave16k/11_nidal_0_9_9.wav,70.0
ExpressiveWholeBodyDatasetReleaseV1.0/beat_english_v2.0.0/wave16k/13_lu_0_103_103.wav,70.0
ExpressiveWholeBodyDatasetReleaseV1.0/beat_english_v2.0.0/wave16k/13_lu_0_111_111.wav,70.0
ExpressiveWholeBodyDatasetReleaseV1.0/beat_english_v2.0.0/wave16k/13_lu_0_112_112.wav,70.0
ExpressiveWholeBodyDatasetReleaseV1.0/beat_english_v2.0.0/wave16k/15_carlos_0_112_112.wav,70.0
ExpressiveWholeBodyDatasetReleaseV1.0/beat_english_v2.0.0/wave16k/15_carlos_0_65_65.wav,70.0
ExpressiveWholeBodyDatasetReleaseV1.0/beat_english_v2.0.0/wave16k/15_carlos_0_73_73.wav,70.0
ExpressiveWholeBodyDatasetReleaseV1.0/beat_english_v2.0.0/wave16k/17_itoi_0_81_81.wav,70.0
ExpressiveWholeBodyDatasetReleaseV1.0/beat_english_v2.0.0/wave16k/18_daiki_0_9_9.wav,70.0
ExpressiveWholeBodyDatasetReleaseV1.0/beat_english_v2.0.0/wave16k/1_wayne_0_62_62.wav,70.0
ExpressiveWholeBodyDatasetReleaseV1.0/beat_english_v2.0.0/wave16k/1_wayne_0_86_86.wav,70.0
ExpressiveWholeBodyDatasetReleaseV1.0/beat_english_v2.0.0/wave16k/1_wayne_0_89_89.wav,70.0
ExpressiveWholeBodyDatasetReleaseV1.0/beat_english_v2.0.0/wave16k/21_ayana_0_11_11.wav,70.0
ExpressiveWholeBodyDatasetReleaseV1.0/beat_english_v2.0.0/wave16k/21_ayana_0_27_27.wav,70.0
ExpressiveWholeBodyDatasetReleaseV1.0/beat_english_v2.0.0/wave16k/21_ayana_0_29_29.wav,70.0
ExpressiveWholeBodyDatasetReleaseV1.0/beat_english_v2.0.0/wave16k/23_hailing_0_9_9.wav,70.0
ExpressiveWholeBodyDatasetReleaseV1.0/beat_english_v2.0.0/wave16k/2_scott_0_22_22.wav,70.0
ExpressiveWholeBodyDatasetReleaseV1.0/beat_english_v2.0.0/wave16k/2_scott_0_7_7.wav,70.0
ExpressiveWholeBodyDatasetReleaseV1.0/beat_english_v2.0.0/wave16k/30_katya_0_111_111.wav,70.0
ExpressiveWholeBodyDatasetReleaseV1.0/beat_english_v2.0.0/wave16k/3_solomon_0_65_65.wav,70.0
ExpressiveWholeBodyDatasetReleaseV1.0/beat_english_v2.0.0/wave16k/5_stewart_0_103_103.wav,70.0
ExpressiveWholeBodyDatasetReleaseV1.0/beat_english_v2.0.0/wave16k/6_carla_0_89_89.wav,70.0
ExpressiveWholeBodyDatasetReleaseV1.0/beat_english_v2.0.0/wave16k/7_sophie_0_29_29.wav,70.0
ExpressiveWholeBodyDatasetReleaseV1.0/beat_english_v2.0.0/wave16k/9_miranda_0_12_12.wav,70.0
ExpressiveWholeBodyDatasetReleaseV1.0/beat_english_v2.0.0/wave16k/25_goto_0_73_73.wav,69.2024375
ExpressiveWholeBodyDatasetReleaseV1.0/beat_english_v2.0.0/wave16k/27_yingqing_0_95_95.wav,69.00225
ExpressiveWholeBodyDatasetReleaseV1.0/beat_english_v2.0.0/wave16k/10_kieks_0_2_2.wav,69.0
ExpressiveWholeBodyDatasetReleaseV1.0/beat_english_v2.0.0/wave16k/11_nidal_0_113_113.wav,69.0
ExpressiveWholeBodyDatasetReleaseV1.0/beat_english_v2.0.0/wave16k/11_nidal_0_48_48.wav,69.0
ExpressiveWholeBodyDatasetReleaseV1.0/beat_english_v2.0.0/wave16k/11_nidal_0_73_73.wav,69.0
ExpressiveWholeBodyDatasetReleaseV1.0/beat_english_v2.0.0/wave16k/12_zhao_0_1_1.wav,69.0
ExpressiveWholeBodyDatasetReleaseV1.0/beat_english_v2.0.0/wave16k/1_wayne_0_103_103.wav,69.0
ExpressiveWholeBodyDatasetReleaseV1.0/beat_english_v2.0.0/wave16k/1_wayne_0_1_1.wav,69.0
ExpressiveWholeBodyDatasetReleaseV1.0/beat_english_v2.0.0/wave16k/1_wayne_0_29_29.wav,69.0
ExpressiveWholeBodyDatasetReleaseV1.0/beat_english_v2.0.0/wave16k/1_wayne_0_33_33.wav,69.0
ExpressiveWholeBodyDatasetReleaseV1.0/beat_english_v2.0.0/wave16k/21_ayana_0_116_116.wav,69.0
ExpressiveWholeBodyDatasetReleaseV1.0/beat_english_v2.0.0/wave16k/21_ayana_0_9_9.wav,69.0
ExpressiveWholeBodyDatasetReleaseV1.0/beat_english_v2.0.0/wave16k/22_luqi_0_74_74.wav,69.0
ExpressiveWholeBodyDatasetReleaseV1.0/beat_english_v2.0.0/wave16k/24_kexin_0_66_66.wav,69.0
ExpressiveWholeBodyDatasetReleaseV1.0/beat_english_v2.0.0/wave16k/28_tiffnay_0_111_111.wav,69.0
ExpressiveWholeBodyDatasetReleaseV1.0/beat_english_v2.0.0/wave16k/2_scott_0_19_19.wav,69.0
ExpressiveWholeBodyDatasetReleaseV1.0/beat_english_v2.0.0/wave16k/2_scott_0_50_50.wav,69.0
ExpressiveWholeBodyDatasetReleaseV1.0/beat_english_v2.0.0/wave16k/30_katya_0_10_10.wav,69.0
ExpressiveWholeBodyDatasetReleaseV1.0/beat_english_v2.0.0/wave16k/3_solomon_0_108_108.wav,69.0
ExpressiveWholeBodyDatasetReleaseV1.0/beat_english_v2.0.0/wave16k/3_solomon_0_111_111.wav,69.0
ExpressiveWholeBodyDatasetReleaseV1.0/beat_english_v2.0.0/wave16k/3_solomon_0_61_61.wav,69.0
ExpressiveWholeBodyDatasetReleaseV1.0/beat_english_v2.0.0/wave16k/4_lawrence_0_57_57.wav,69.0
ExpressiveWholeBodyDatasetReleaseV1.0/beat_english_v2.0.0/wave16k/7_sophie_0_82_82.wav,69.0
ExpressiveWholeBodyDatasetReleaseV1.0/beat_english_v2.0.0/wave16k/7_sophie_0_87_87.wav,69.0
ExpressiveWholeBodyDatasetReleaseV1.0/beat_english_v2.0.0/wave16k/9_miranda_0_16_16.wav,69.0
ExpressiveWholeBodyDatasetReleaseV1.0/beat_english_v2.0.0/wave16k/27_yingqing_0_9_9.wav,68.4016875
ExpressiveWholeBodyDatasetReleaseV1.0/beat_english_v2.0.0/wave16k/10_kieks_0_6_6.wav,68.0
ExpressiveWholeBodyDatasetReleaseV1.0/beat_english_v2.0.0/wave16k/11_nidal_0_68_68.wav,68.0
ExpressiveWholeBodyDatasetReleaseV1.0/beat_english_v2.0.0/wave16k/13_lu_0_8_8.wav,68.0
ExpressiveWholeBodyDatasetReleaseV1.0/beat_english_v2.0.0/wave16k/1_wayne_0_12_12.wav,68.0
ExpressiveWholeBodyDatasetReleaseV1.0/beat_english_v2.0.0/wave16k/1_wayne_0_13_13.wav,68.0
ExpressiveWholeBodyDatasetReleaseV1.0/beat_english_v2.0.0/wave16k/1_wayne_0_21_21.wav,68.0
ExpressiveWholeBodyDatasetReleaseV1.0/beat_english_v2.0.0/wave16k/1_wayne_0_37_37.wav,68.0
ExpressiveWholeBodyDatasetReleaseV1.0/beat_english_v2.0.0/wave16k/1_wayne_0_66_66.wav,68.0
ExpressiveWholeBodyDatasetReleaseV1.0/beat_english_v2.0.0/wave16k/1_wayne_0_90_90.wav,68.0
ExpressiveWholeBodyDatasetReleaseV1.0/beat_english_v2.0.0/wave16k/1_wayne_0_94_94.wav,68.0
ExpressiveWholeBodyDatasetReleaseV1.0/beat_english_v2.0.0/wave16k/20_li_0_95_95.wav,68.0
ExpressiveWholeBodyDatasetReleaseV1.0/beat_english_v2.0.0/wave16k/21_ayana_0_104_104.wav,68.0
ExpressiveWholeBodyDatasetReleaseV1.0/beat_english_v2.0.0/wave16k/21_ayana_0_80_80.wav,68.0
ExpressiveWholeBodyDatasetReleaseV1.0/beat_english_v2.0.0/wave16k/22_luqi_0_112_112.wav,68.0
ExpressiveWholeBodyDatasetReleaseV1.0/beat_english_v2.0.0/wave16k/22_luqi_0_81_81.wav,68.0
ExpressiveWholeBodyDatasetReleaseV1.0/beat_english_v2.0.0/wave16k/23_hailing_0_66_66.wav,68.0
ExpressiveWholeBodyDatasetReleaseV1.0/beat_english_v2.0.0/wave16k/28_tiffnay_0_65_65.wav,68.0
ExpressiveWholeBodyDatasetReleaseV1.0/beat_english_v2.0.0/wave16k/2_scott_0_20_20.wav,68.0
ExpressiveWholeBodyDatasetReleaseV1.0/beat_english_v2.0.0/wave16k/2_scott_0_33_33.wav,68.0
ExpressiveWholeBodyDatasetReleaseV1.0/beat_english_v2.0.0/wave16k/2_scott_0_3_3.wav,68.0
ExpressiveWholeBodyDatasetReleaseV1.0/beat_english_v2.0.0/wave16k/2_scott_0_62_62.wav,68.0
ExpressiveWholeBodyDatasetReleaseV1.0/beat_english_v2.0.0/wave16k/30_katya_0_9_9.wav,68.0
ExpressiveWholeBodyDatasetReleaseV1.0/beat_english_v2.0.0/wave16k/3_solomon_0_20_20.wav,68.0
ExpressiveWholeBodyDatasetReleaseV1.0/beat_english_v2.0.0/wave16k/3_solomon_0_81_81.wav,68.0
ExpressiveWholeBodyDatasetReleaseV1.0/beat_english_v2.0.0/wave16k/3_solomon_0_89_89.wav,68.0
ExpressiveWholeBodyDatasetReleaseV1.0/beat_english_v2.0.0/wave16k/3_solomon_0_95_95.wav,68.0
ExpressiveWholeBodyDatasetReleaseV1.0/beat_english_v2.0.0/wave16k/4_lawrence_0_39_39.wav,68.0
ExpressiveWholeBodyDatasetReleaseV1.0/beat_english_v2.0.0/wave16k/4_lawrence_0_64_64.wav,68.0
ExpressiveWholeBodyDatasetReleaseV1.0/beat_english_v2.0.0/wave16k/5_stewart_0_104_104.wav,68.0
ExpressiveWholeBodyDatasetReleaseV1.0/beat_english_v2.0.0/wave16k/5_stewart_0_13_13.wav,68.0
ExpressiveWholeBodyDatasetReleaseV1.0/beat_english_v2.0.0/wave16k/5_stewart_0_5_5.wav,68.0
ExpressiveWholeBodyDatasetReleaseV1.0/beat_english_v2.0.0/wave16k/5_stewart_0_6_6.wav,68.0
ExpressiveWholeBodyDatasetReleaseV1.0/beat_english_v2.0.0/wave16k/7_sophie_0_21_21.wav,68.0
ExpressiveWholeBodyDatasetReleaseV1.0/beat_english_v2.0.0/wave16k/7_sophie_0_23_23.wav,68.0
ExpressiveWholeBodyDatasetReleaseV1.0/beat_english_v2.0.0/wave16k/7_sophie_0_62_62.wav,68.0
ExpressiveWholeBodyDatasetReleaseV1.0/beat_english_v2.0.0/wave16k/7_sophie_0_89_89.wav,68.0
ExpressiveWholeBodyDatasetReleaseV1.0/beat_english_v2.0.0/wave16k/9_miranda_0_19_19.wav,68.0
ExpressiveWholeBodyDatasetReleaseV1.0/beat_english_v2.0.0/wave16k/11_nidal_0_110_110.wav,67.0
ExpressiveWholeBodyDatasetReleaseV1.0/beat_english_v2.0.0/wave16k/11_nidal_0_36_36.wav,67.0
ExpressiveWholeBodyDatasetReleaseV1.0/beat_english_v2.0.0/wave16k/11_nidal_0_98_98.wav,67.0
ExpressiveWholeBodyDatasetReleaseV1.0/beat_english_v2.0.0/wave16k/12_zhao_0_66_66.wav,67.0
ExpressiveWholeBodyDatasetReleaseV1.0/beat_english_v2.0.0/wave16k/13_lu_0_1_1.wav,67.0
ExpressiveWholeBodyDatasetReleaseV1.0/beat_english_v2.0.0/wave16k/17_itoi_0_10_10.wav,67.0
ExpressiveWholeBodyDatasetReleaseV1.0/beat_english_v2.0.0/wave16k/17_itoi_0_95_95.wav,67.0
ExpressiveWholeBodyDatasetReleaseV1.0/beat_english_v2.0.0/wave16k/18_daiki_0_1_1.wav,67.0
ExpressiveWholeBodyDatasetReleaseV1.0/beat_english_v2.0.0/wave16k/1_wayne_0_17_17.wav,67.0
ExpressiveWholeBodyDatasetReleaseV1.0/beat_english_v2.0.0/wave16k/1_wayne_0_40_40.wav,67.0
ExpressiveWholeBodyDatasetReleaseV1.0/beat_english_v2.0.0/wave16k/21_ayana_0_33_33.wav,67.0
ExpressiveWholeBodyDatasetReleaseV1.0/beat_english_v2.0.0/wave16k/22_luqi_0_66_66.wav,67.0
ExpressiveWholeBodyDatasetReleaseV1.0/beat_english_v2.0.0/wave16k/23_hailing_0_81_81.wav,67.0
ExpressiveWholeBodyDatasetReleaseV1.0/beat_english_v2.0.0/wave16k/24_kexin_0_9_9.wav,67.0
ExpressiveWholeBodyDatasetReleaseV1.0/beat_english_v2.0.0/wave16k/28_tiffnay_0_112_112.wav,67.0
ExpressiveWholeBodyDatasetReleaseV1.0/beat_english_v2.0.0/wave16k/28_tiffnay_0_74_74.wav,67.0
ExpressiveWholeBodyDatasetReleaseV1.0/beat_english_v2.0.0/wave16k/2_scott_0_4_4.wav,67.0
ExpressiveWholeBodyDatasetReleaseV1.0/beat_english_v2.0.0/wave16k/2_scott_0_81_81.wav,67.0
ExpressiveWholeBodyDatasetReleaseV1.0/beat_english_v2.0.0/wave16k/3_solomon_0_46_46.wav,67.0
ExpressiveWholeBodyDatasetReleaseV1.0/beat_english_v2.0.0/wave16k/4_lawrence_0_110_110.wav,67.0
ExpressiveWholeBodyDatasetReleaseV1.0/beat_english_v2.0.0/wave16k/4_lawrence_0_34_34.wav,67.0
ExpressiveWholeBodyDatasetReleaseV1.0/beat_english_v2.0.0/wave16k/4_lawrence_0_84_84.wav,67.0
ExpressiveWholeBodyDatasetReleaseV1.0/beat_english_v2.0.0/wave16k/5_stewart_0_1_1.wav,67.0
ExpressiveWholeBodyDatasetReleaseV1.0/beat_english_v2.0.0/wave16k/5_stewart_0_8_8.wav,67.0
ExpressiveWholeBodyDatasetReleaseV1.0/beat_english_v2.0.0/wave16k/6_carla_0_100_100.wav,67.0
ExpressiveWholeBodyDatasetReleaseV1.0/beat_english_v2.0.0/wave16k/7_sophie_0_28_28.wav,67.0
ExpressiveWholeBodyDatasetReleaseV1.0/beat_english_v2.0.0/wave16k/7_sophie_0_4_4.wav,67.0
ExpressiveWholeBodyDatasetReleaseV1.0/beat_english_v2.0.0/wave16k/7_sophie_0_50_50.wav,67.0
ExpressiveWholeBodyDatasetReleaseV1.0/beat_english_v2.0.0/wave16k/7_sophie_0_8_8.wav,67.0
ExpressiveWholeBodyDatasetReleaseV1.0/beat_english_v2.0.0/wave16k/27_yingqing_0_73_73.wav,66.533125
ExpressiveWholeBodyDatasetReleaseV1.0/beat_english_v2.0.0/wave16k/10_kieks_0_104_104.wav,66.0
ExpressiveWholeBodyDatasetReleaseV1.0/beat_english_v2.0.0/wave16k/11_nidal_0_107_107.wav,66.0
ExpressiveWholeBodyDatasetReleaseV1.0/beat_english_v2.0.0/wave16k/11_nidal_0_97_97.wav,66.0
ExpressiveWholeBodyDatasetReleaseV1.0/beat_english_v2.0.0/wave16k/12_zhao_0_9_9.wav,66.0
ExpressiveWholeBodyDatasetReleaseV1.0/beat_english_v2.0.0/wave16k/1_wayne_0_50_50.wav,66.0
ExpressiveWholeBodyDatasetReleaseV1.0/beat_english_v2.0.0/wave16k/1_wayne_0_6_6.wav,66.0
ExpressiveWholeBodyDatasetReleaseV1.0/beat_english_v2.0.0/wave16k/21_ayana_0_111_111.wav,66.0
ExpressiveWholeBodyDatasetReleaseV1.0/beat_english_v2.0.0/wave16k/21_ayana_0_35_35.wav,66.0
ExpressiveWholeBodyDatasetReleaseV1.0/beat_english_v2.0.0/wave16k/21_ayana_0_44_44.wav,66.0
ExpressiveWholeBodyDatasetReleaseV1.0/beat_english_v2.0.0/wave16k/21_ayana_0_86_86.wav,66.0
ExpressiveWholeBodyDatasetReleaseV1.0/beat_english_v2.0.0/wave16k/24_kexin_0_112_112.wav,66.0
ExpressiveWholeBodyDatasetReleaseV1.0/beat_english_v2.0.0/wave16k/28_tiffnay_0_9_9.wav,66.0
ExpressiveWholeBodyDatasetReleaseV1.0/beat_english_v2.0.0/wave16k/2_scott_0_18_18.wav,66.0
ExpressiveWholeBodyDatasetReleaseV1.0/beat_english_v2.0.0/wave16k/2_scott_0_25_25.wav,66.0
ExpressiveWholeBodyDatasetReleaseV1.0/beat_english_v2.0.0/wave16k/2_scott_0_82_82.wav,66.0
ExpressiveWholeBodyDatasetReleaseV1.0/beat_english_v2.0.0/wave16k/3_solomon_0_10_10.wav,66.0
ExpressiveWholeBodyDatasetReleaseV1.0/beat_english_v2.0.0/wave16k/3_solomon_0_39_39.wav,66.0
ExpressiveWholeBodyDatasetReleaseV1.0/beat_english_v2.0.0/wave16k/3_solomon_0_66_66.wav,66.0
ExpressiveWholeBodyDatasetReleaseV1.0/beat_english_v2.0.0/wave16k/3_solomon_0_69_69.wav,66.0
ExpressiveWholeBodyDatasetReleaseV1.0/beat_english_v2.0.0/wave16k/3_solomon_0_72_72.wav,66.0
ExpressiveWholeBodyDatasetReleaseV1.0/beat_english_v2.0.0/wave16k/4_lawrence_0_47_47.wav,66.0
ExpressiveWholeBodyDatasetReleaseV1.0/beat_english_v2.0.0/wave16k/5_stewart_0_4_4.wav,66.0
ExpressiveWholeBodyDatasetReleaseV1.0/beat_english_v2.0.0/wave16k/5_stewart_0_82_82.wav,66.0
ExpressiveWholeBodyDatasetReleaseV1.0/beat_english_v2.0.0/wave16k/7_sophie_0_115_115.wav,66.0
ExpressiveWholeBodyDatasetReleaseV1.0/beat_english_v2.0.0/wave16k/7_sophie_0_13_13.wav,66.0
ExpressiveWholeBodyDatasetReleaseV1.0/beat_english_v2.0.0/wave16k/7_sophie_0_46_46.wav,66.0
ExpressiveWholeBodyDatasetReleaseV1.0/beat_english_v2.0.0/wave16k/7_sophie_0_88_88.wav,66.0
ExpressiveWholeBodyDatasetReleaseV1.0/beat_english_v2.0.0/wave16k/9_miranda_0_26_26.wav,66.0
ExpressiveWholeBodyDatasetReleaseV1.0/beat_english_v2.0.0/wave16k/9_miranda_0_85_85.wav,66.0
ExpressiveWholeBodyDatasetReleaseV1.0/beat_english_v2.0.0/wave16k/25_goto_0_96_96.wav,65.9325
ExpressiveWholeBodyDatasetReleaseV1.0/beat_english_v2.0.0/wave16k/27_yingqing_0_10_10.wav,65.63225
ExpressiveWholeBodyDatasetReleaseV1.0/beat_english_v2.0.0/wave16k/10_kieks_0_13_13.wav,65.0
ExpressiveWholeBodyDatasetReleaseV1.0/beat_english_v2.0.0/wave16k/10_kieks_0_1_1.wav,65.0
ExpressiveWholeBodyDatasetReleaseV1.0/beat_english_v2.0.0/wave16k/10_kieks_0_8_8.wav,65.0
ExpressiveWholeBodyDatasetReleaseV1.0/beat_english_v2.0.0/wave16k/11_nidal_0_41_41.wav,65.0
ExpressiveWholeBodyDatasetReleaseV1.0/beat_english_v2.0.0/wave16k/11_nidal_0_54_54.wav,65.0
ExpressiveWholeBodyDatasetReleaseV1.0/beat_english_v2.0.0/wave16k/12_zhao_0_10_10.wav,65.0
ExpressiveWholeBodyDatasetReleaseV1.0/beat_english_v2.0.0/wave16k/13_lu_0_11_11.wav,65.0
ExpressiveWholeBodyDatasetReleaseV1.0/beat_english_v2.0.0/wave16k/16_jorge_0_104_104.wav,65.0
ExpressiveWholeBodyDatasetReleaseV1.0/beat_english_v2.0.0/wave16k/16_jorge_0_16_16.wav,65.0
ExpressiveWholeBodyDatasetReleaseV1.0/beat_english_v2.0.0/wave16k/1_wayne_0_7_7.wav,65.0
ExpressiveWholeBodyDatasetReleaseV1.0/beat_english_v2.0.0/wave16k/21_ayana_0_101_101.wav,65.0
ExpressiveWholeBodyDatasetReleaseV1.0/beat_english_v2.0.0/wave16k/21_ayana_0_40_40.wav,65.0
ExpressiveWholeBodyDatasetReleaseV1.0/beat_english_v2.0.0/wave16k/21_ayana_0_95_95.wav,65.0
ExpressiveWholeBodyDatasetReleaseV1.0/beat_english_v2.0.0/wave16k/22_luqi_0_95_95.wav,65.0
ExpressiveWholeBodyDatasetReleaseV1.0/beat_english_v2.0.0/wave16k/24_kexin_0_10_10.wav,65.0
ExpressiveWholeBodyDatasetReleaseV1.0/beat_english_v2.0.0/wave16k/28_tiffnay_0_10_10.wav,65.0
ExpressiveWholeBodyDatasetReleaseV1.0/beat_english_v2.0.0/wave16k/28_tiffnay_0_81_81.wav,65.0
ExpressiveWholeBodyDatasetReleaseV1.0/beat_english_v2.0.0/wave16k/2_scott_0_115_115.wav,65.0
ExpressiveWholeBodyDatasetReleaseV1.0/beat_english_v2.0.0/wave16k/2_scott_0_28_28.wav,65.0
ExpressiveWholeBodyDatasetReleaseV1.0/beat_english_v2.0.0/wave16k/2_scott_0_35_35.wav,65.0
ExpressiveWholeBodyDatasetReleaseV1.0/beat_english_v2.0.0/wave16k/2_scott_0_74_74.wav,65.0
ExpressiveWholeBodyDatasetReleaseV1.0/beat_english_v2.0.0/wave16k/3_solomon_0_100_100.wav,65.0
ExpressiveWholeBodyDatasetReleaseV1.0/beat_english_v2.0.0/wave16k/3_solomon_0_102_102.wav,65.0
ExpressiveWholeBodyDatasetReleaseV1.0/beat_english_v2.0.0/wave16k/3_solomon_0_44_44.wav,65.0
ExpressiveWholeBodyDatasetReleaseV1.0/beat_english_v2.0.0/wave16k/3_solomon_0_97_97.wav,65.0
ExpressiveWholeBodyDatasetReleaseV1.0/beat_english_v2.0.0/wave16k/4_lawrence_0_10_10.wav,65.0
ExpressiveWholeBodyDatasetReleaseV1.0/beat_english_v2.0.0/wave16k/4_lawrence_0_95_95.wav,65.0
ExpressiveWholeBodyDatasetReleaseV1.0/beat_english_v2.0.0/wave16k/5_stewart_0_111_111.wav,65.0
ExpressiveWholeBodyDatasetReleaseV1.0/beat_english_v2.0.0/wave16k/5_stewart_0_12_12.wav,65.0
ExpressiveWholeBodyDatasetReleaseV1.0/beat_english_v2.0.0/wave16k/5_stewart_0_2_2.wav,65.0
ExpressiveWholeBodyDatasetReleaseV1.0/beat_english_v2.0.0/wave16k/7_sophie_0_6_6.wav,65.0
ExpressiveWholeBodyDatasetReleaseV1.0/beat_english_v2.0.0/wave16k/9_miranda_0_115_115.wav,65.0
ExpressiveWholeBodyDatasetReleaseV1.0/beat_english_v2.0.0/wave16k/9_miranda_0_22_22.wav,65.0
ExpressiveWholeBodyDatasetReleaseV1.0/beat_english_v2.0.0/wave16k/9_miranda_0_62_62.wav,65.0
ExpressiveWholeBodyDatasetReleaseV1.0/beat_english_v2.0.0/wave16k/27_yingqing_0_65_65.wav,64.8314375
ExpressiveWholeBodyDatasetReleaseV1.0/beat_english_v2.0.0/wave16k/2_scott_0_1_1.wav,64.097375
ExpressiveWholeBodyDatasetReleaseV1.0/beat_english_v2.0.0/wave16k/10_kieks_0_103_103.wav,64.0
ExpressiveWholeBodyDatasetReleaseV1.0/beat_english_v2.0.0/wave16k/10_kieks_0_12_12.wav,64.0
ExpressiveWholeBodyDatasetReleaseV1.0/beat_english_v2.0.0/wave16k/10_kieks_0_4_4.wav,64.0
ExpressiveWholeBodyDatasetReleaseV1.0/beat_english_v2.0.0/wave16k/11_nidal_0_106_106.wav,64.0
ExpressiveWholeBodyDatasetReleaseV1.0/beat_english_v2.0.0/wave16k/11_nidal_0_60_60.wav,64.0
ExpressiveWholeBodyDatasetReleaseV1.0/beat_english_v2.0.0/wave16k/1_wayne_0_24_24.wav,64.0
ExpressiveWholeBodyDatasetReleaseV1.0/beat_english_v2.0.0/wave16k/1_wayne_0_69_69.wav,64.0
ExpressiveWholeBodyDatasetReleaseV1.0/beat_english_v2.0.0/wave16k/21_ayana_0_28_28.wav,64.0
ExpressiveWholeBodyDatasetReleaseV1.0/beat_english_v2.0.0/wave16k/21_ayana_0_50_50.wav,64.0
ExpressiveWholeBodyDatasetReleaseV1.0/beat_english_v2.0.0/wave16k/21_ayana_0_62_62.wav,64.0
ExpressiveWholeBodyDatasetReleaseV1.0/beat_english_v2.0.0/wave16k/21_ayana_0_81_81.wav,64.0
ExpressiveWholeBodyDatasetReleaseV1.0/beat_english_v2.0.0/wave16k/23_hailing_0_95_95.wav,64.0
ExpressiveWholeBodyDatasetReleaseV1.0/beat_english_v2.0.0/wave16k/2_scott_0_21_21.wav,64.0
ExpressiveWholeBodyDatasetReleaseV1.0/beat_english_v2.0.0/wave16k/2_scott_0_30_30.wav,64.0
ExpressiveWholeBodyDatasetReleaseV1.0/beat_english_v2.0.0/wave16k/2_scott_0_37_37.wav,64.0
ExpressiveWholeBodyDatasetReleaseV1.0/beat_english_v2.0.0/wave16k/2_scott_0_39_39.wav,64.0
ExpressiveWholeBodyDatasetReleaseV1.0/beat_english_v2.0.0/wave16k/2_scott_0_90_90.wav,64.0
ExpressiveWholeBodyDatasetReleaseV1.0/beat_english_v2.0.0/wave16k/3_solomon_0_86_86.wav,64.0
ExpressiveWholeBodyDatasetReleaseV1.0/beat_english_v2.0.0/wave16k/4_lawrence_0_105_105.wav,64.0
ExpressiveWholeBodyDatasetReleaseV1.0/beat_english_v2.0.0/wave16k/4_lawrence_0_109_109.wav,64.0
ExpressiveWholeBodyDatasetReleaseV1.0/beat_english_v2.0.0/wave16k/6_carla_0_116_116.wav,64.0
ExpressiveWholeBodyDatasetReleaseV1.0/beat_english_v2.0.0/wave16k/7_sophie_0_111_111.wav,64.0
ExpressiveWholeBodyDatasetReleaseV1.0/beat_english_v2.0.0/wave16k/7_sophie_0_31_31.wav,64.0
ExpressiveWholeBodyDatasetReleaseV1.0/beat_english_v2.0.0/wave16k/7_sophie_0_38_38.wav,64.0
ExpressiveWholeBodyDatasetReleaseV1.0/beat_english_v2.0.0/wave16k/7_sophie_0_66_66.wav,64.0
ExpressiveWholeBodyDatasetReleaseV1.0/beat_english_v2.0.0/wave16k/7_sophie_0_85_85.wav,64.0
ExpressiveWholeBodyDatasetReleaseV1.0/beat_english_v2.0.0/wave16k/9_miranda_0_31_31.wav,64.0
ExpressiveWholeBodyDatasetReleaseV1.0/beat_english_v2.0.0/wave16k/9_miranda_0_46_46.wav,64.0
ExpressiveWholeBodyDatasetReleaseV1.0/beat_english_v2.0.0/wave16k/9_miranda_0_87_87.wav,64.0
ExpressiveWholeBodyDatasetReleaseV1.0/beat_english_v2.0.0/wave16k/9_miranda_0_88_88.wav,64.0
ExpressiveWholeBodyDatasetReleaseV1.0/beat_english_v2.0.0/wave16k/13_lu_0_9_9.wav,63.0
ExpressiveWholeBodyDatasetReleaseV1.0/beat_english_v2.0.0/wave16k/17_itoi_0_66_66.wav,63.0
ExpressiveWholeBodyDatasetReleaseV1.0/beat_english_v2.0.0/wave16k/18_daiki_0_10_10.wav,63.0
ExpressiveWholeBodyDatasetReleaseV1.0/beat_english_v2.0.0/wave16k/18_daiki_0_95_95.wav,63.0
ExpressiveWholeBodyDatasetReleaseV1.0/beat_english_v2.0.0/wave16k/18_daiki_0_96_96.wav,63.0
ExpressiveWholeBodyDatasetReleaseV1.0/beat_english_v2.0.0/wave16k/1_wayne_0_111_111.wav,63.0
ExpressiveWholeBodyDatasetReleaseV1.0/beat_english_v2.0.0/wave16k/1_wayne_0_115_115.wav,63.0
ExpressiveWholeBodyDatasetReleaseV1.0/beat_english_v2.0.0/wave16k/1_wayne_0_20_20.wav,63.0
ExpressiveWholeBodyDatasetReleaseV1.0/beat_english_v2.0.0/wave16k/1_wayne_0_23_23.wav,63.0
ExpressiveWholeBodyDatasetReleaseV1.0/beat_english_v2.0.0/wave16k/1_wayne_0_61_61.wav,63.0
ExpressiveWholeBodyDatasetReleaseV1.0/beat_english_v2.0.0/wave16k/1_wayne_0_64_64.wav,63.0
ExpressiveWholeBodyDatasetReleaseV1.0/beat_english_v2.0.0/wave16k/21_ayana_0_112_112.wav,63.0
ExpressiveWholeBodyDatasetReleaseV1.0/beat_english_v2.0.0/wave16k/21_ayana_0_66_66.wav,63.0
ExpressiveWholeBodyDatasetReleaseV1.0/beat_english_v2.0.0/wave16k/24_kexin_0_65_65.wav,63.0
ExpressiveWholeBodyDatasetReleaseV1.0/beat_english_v2.0.0/wave16k/28_tiffnay_0_95_95.wav,63.0
ExpressiveWholeBodyDatasetReleaseV1.0/beat_english_v2.0.0/wave16k/2_scott_0_27_27.wav,63.0
ExpressiveWholeBodyDatasetReleaseV1.0/beat_english_v2.0.0/wave16k/2_scott_0_31_31.wav,63.0
ExpressiveWholeBodyDatasetReleaseV1.0/beat_english_v2.0.0/wave16k/3_solomon_0_112_112.wav,63.0
ExpressiveWholeBodyDatasetReleaseV1.0/beat_english_v2.0.0/wave16k/3_solomon_0_68_68.wav,63.0
ExpressiveWholeBodyDatasetReleaseV1.0/beat_english_v2.0.0/wave16k/3_solomon_0_79_79.wav,63.0
ExpressiveWholeBodyDatasetReleaseV1.0/beat_english_v2.0.0/wave16k/5_stewart_0_3_3.wav,63.0
ExpressiveWholeBodyDatasetReleaseV1.0/beat_english_v2.0.0/wave16k/5_stewart_0_7_7.wav,63.0
ExpressiveWholeBodyDatasetReleaseV1.0/beat_english_v2.0.0/wave16k/6_carla_0_62_62.wav,63.0
ExpressiveWholeBodyDatasetReleaseV1.0/beat_english_v2.0.0/wave16k/6_carla_0_85_85.wav,63.0
ExpressiveWholeBodyDatasetReleaseV1.0/beat_english_v2.0.0/wave16k/6_carla_0_87_87.wav,63.0
ExpressiveWholeBodyDatasetReleaseV1.0/beat_english_v2.0.0/wave16k/7_sophie_0_103_103.wav,63.0
ExpressiveWholeBodyDatasetReleaseV1.0/beat_english_v2.0.0/wave16k/7_sophie_0_104_104.wav,63.0
ExpressiveWholeBodyDatasetReleaseV1.0/beat_english_v2.0.0/wave16k/7_sophie_0_24_24.wav,63.0
ExpressiveWholeBodyDatasetReleaseV1.0/beat_english_v2.0.0/wave16k/7_sophie_0_2_2.wav,63.0
ExpressiveWholeBodyDatasetReleaseV1.0/beat_english_v2.0.0/wave16k/7_sophie_0_90_90.wav,63.0
ExpressiveWholeBodyDatasetReleaseV1.0/beat_english_v2.0.0/wave16k/10_kieks_0_3_3.wav,62.0
ExpressiveWholeBodyDatasetReleaseV1.0/beat_english_v2.0.0/wave16k/11_nidal_0_109_109.wav,62.0
ExpressiveWholeBodyDatasetReleaseV1.0/beat_english_v2.0.0/wave16k/12_zhao_0_74_74.wav,62.0
ExpressiveWholeBodyDatasetReleaseV1.0/beat_english_v2.0.0/wave16k/13_lu_0_10_10.wav,62.0
ExpressiveWholeBodyDatasetReleaseV1.0/beat_english_v2.0.0/wave16k/15_carlos_0_96_96.wav,62.0
ExpressiveWholeBodyDatasetReleaseV1.0/beat_english_v2.0.0/wave16k/16_jorge_0_12_12.wav,62.0
ExpressiveWholeBodyDatasetReleaseV1.0/beat_english_v2.0.0/wave16k/16_jorge_0_5_5.wav,62.0
ExpressiveWholeBodyDatasetReleaseV1.0/beat_english_v2.0.0/wave16k/18_daiki_0_65_65.wav,62.0
ExpressiveWholeBodyDatasetReleaseV1.0/beat_english_v2.0.0/wave16k/1_wayne_0_11_11.wav,62.0
ExpressiveWholeBodyDatasetReleaseV1.0/beat_english_v2.0.0/wave16k/1_wayne_0_18_18.wav,62.0
ExpressiveWholeBodyDatasetReleaseV1.0/beat_english_v2.0.0/wave16k/1_wayne_0_25_25.wav,62.0
ExpressiveWholeBodyDatasetReleaseV1.0/beat_english_v2.0.0/wave16k/1_wayne_0_38_38.wav,62.0
ExpressiveWholeBodyDatasetReleaseV1.0/beat_english_v2.0.0/wave16k/1_wayne_0_39_39.wav,62.0
ExpressiveWholeBodyDatasetReleaseV1.0/beat_english_v2.0.0/wave16k/1_wayne_0_65_65.wav,62.0
ExpressiveWholeBodyDatasetReleaseV1.0/beat_english_v2.0.0/wave16k/1_wayne_0_72_72.wav,62.0
ExpressiveWholeBodyDatasetReleaseV1.0/beat_english_v2.0.0/wave16k/1_wayne_0_9_9.wav,62.0
ExpressiveWholeBodyDatasetReleaseV1.0/beat_english_v2.0.0/wave16k/20_li_0_73_73.wav,62.0
ExpressiveWholeBodyDatasetReleaseV1.0/beat_english_v2.0.0/wave16k/21_ayana_0_10_10.wav,62.0
ExpressiveWholeBodyDatasetReleaseV1.0/beat_english_v2.0.0/wave16k/21_ayana_0_61_61.wav,62.0
ExpressiveWholeBodyDatasetReleaseV1.0/beat_english_v2.0.0/wave16k/21_ayana_0_93_93.wav,62.0
ExpressiveWholeBodyDatasetReleaseV1.0/beat_english_v2.0.0/wave16k/2_scott_0_2_2.wav,62.0
ExpressiveWholeBodyDatasetReleaseV1.0/beat_english_v2.0.0/wave16k/2_scott_0_61_61.wav,62.0
ExpressiveWholeBodyDatasetReleaseV1.0/beat_english_v2.0.0/wave16k/3_solomon_0_74_74.wav,62.0
ExpressiveWholeBodyDatasetReleaseV1.0/beat_english_v2.0.0/wave16k/3_solomon_0_93_93.wav,62.0
ExpressiveWholeBodyDatasetReleaseV1.0/beat_english_v2.0.0/wave16k/4_lawrence_0_106_106.wav,62.0
ExpressiveWholeBodyDatasetReleaseV1.0/beat_english_v2.0.0/wave16k/4_lawrence_0_91_91.wav,62.0
ExpressiveWholeBodyDatasetReleaseV1.0/beat_english_v2.0.0/wave16k/4_lawrence_0_97_97.wav,62.0
ExpressiveWholeBodyDatasetReleaseV1.0/beat_english_v2.0.0/wave16k/5_stewart_0_11_11.wav,62.0
ExpressiveWholeBodyDatasetReleaseV1.0/beat_english_v2.0.0/wave16k/5_stewart_0_81_81.wav,62.0
ExpressiveWholeBodyDatasetReleaseV1.0/beat_english_v2.0.0/wave16k/6_carla_0_115_115.wav,62.0
ExpressiveWholeBodyDatasetReleaseV1.0/beat_english_v2.0.0/wave16k/7_sophie_0_101_101.wav,62.0
ExpressiveWholeBodyDatasetReleaseV1.0/beat_english_v2.0.0/wave16k/7_sophie_0_11_11.wav,62.0
ExpressiveWholeBodyDatasetReleaseV1.0/beat_english_v2.0.0/wave16k/7_sophie_0_12_12.wav,62.0
ExpressiveWholeBodyDatasetReleaseV1.0/beat_english_v2.0.0/wave16k/7_sophie_0_3_3.wav,62.0
ExpressiveWholeBodyDatasetReleaseV1.0/beat_english_v2.0.0/wave16k/7_sophie_0_61_61.wav,62.0
ExpressiveWholeBodyDatasetReleaseV1.0/beat_english_v2.0.0/wave16k/9_miranda_0_17_17.wav,62.0
ExpressiveWholeBodyDatasetReleaseV1.0/beat_english_v2.0.0/wave16k/9_miranda_0_29_29.wav,62.0
ExpressiveWholeBodyDatasetReleaseV1.0/beat_english_v2.0.0/wave16k/9_miranda_0_30_30.wav,62.0
ExpressiveWholeBodyDatasetReleaseV1.0/beat_english_v2.0.0/wave16k/11_nidal_0_76_76.wav,61.0
ExpressiveWholeBodyDatasetReleaseV1.0/beat_english_v2.0.0/wave16k/1_wayne_0_35_35.wav,61.0
ExpressiveWholeBodyDatasetReleaseV1.0/beat_english_v2.0.0/wave16k/21_ayana_0_114_114.wav,61.0
ExpressiveWholeBodyDatasetReleaseV1.0/beat_english_v2.0.0/wave16k/24_kexin_0_95_95.wav,61.0
ExpressiveWholeBodyDatasetReleaseV1.0/beat_english_v2.0.0/wave16k/2_scott_0_23_23.wav,61.0
ExpressiveWholeBodyDatasetReleaseV1.0/beat_english_v2.0.0/wave16k/2_scott_0_64_64.wav,61.0
ExpressiveWholeBodyDatasetReleaseV1.0/beat_english_v2.0.0/wave16k/2_scott_0_70_70.wav,61.0
ExpressiveWholeBodyDatasetReleaseV1.0/beat_english_v2.0.0/wave16k/30_katya_0_65_65.wav,61.0
ExpressiveWholeBodyDatasetReleaseV1.0/beat_english_v2.0.0/wave16k/3_solomon_0_114_114.wav,61.0
ExpressiveWholeBodyDatasetReleaseV1.0/beat_english_v2.0.0/wave16k/3_solomon_0_60_60.wav,61.0
ExpressiveWholeBodyDatasetReleaseV1.0/beat_english_v2.0.0/wave16k/3_solomon_0_99_99.wav,61.0
ExpressiveWholeBodyDatasetReleaseV1.0/beat_english_v2.0.0/wave16k/4_lawrence_0_48_48.wav,61.0
ExpressiveWholeBodyDatasetReleaseV1.0/beat_english_v2.0.0/wave16k/4_lawrence_0_60_60.wav,61.0
ExpressiveWholeBodyDatasetReleaseV1.0/beat_english_v2.0.0/wave16k/4_lawrence_0_66_66.wav,61.0
ExpressiveWholeBodyDatasetReleaseV1.0/beat_english_v2.0.0/wave16k/5_stewart_0_112_112.wav,61.0
ExpressiveWholeBodyDatasetReleaseV1.0/beat_english_v2.0.0/wave16k/5_stewart_0_66_66.wav,61.0
ExpressiveWholeBodyDatasetReleaseV1.0/beat_english_v2.0.0/wave16k/6_carla_0_101_101.wav,61.0
ExpressiveWholeBodyDatasetReleaseV1.0/beat_english_v2.0.0/wave16k/6_carla_0_88_88.wav,61.0
ExpressiveWholeBodyDatasetReleaseV1.0/beat_english_v2.0.0/wave16k/7_sophie_0_33_33.wav,61.0
ExpressiveWholeBodyDatasetReleaseV1.0/beat_english_v2.0.0/wave16k/7_sophie_0_35_35.wav,61.0
ExpressiveWholeBodyDatasetReleaseV1.0/beat_english_v2.0.0/wave16k/7_sophie_0_40_40.wav,61.0
ExpressiveWholeBodyDatasetReleaseV1.0/beat_english_v2.0.0/wave16k/9_miranda_0_25_25.wav,61.0
ExpressiveWholeBodyDatasetReleaseV1.0/beat_english_v2.0.0/wave16k/9_miranda_0_32_32.wav,61.0
ExpressiveWholeBodyDatasetReleaseV1.0/beat_english_v2.0.0/wave16k/9_miranda_0_33_33.wav,61.0
ExpressiveWholeBodyDatasetReleaseV1.0/beat_english_v2.0.0/wave16k/9_miranda_0_38_38.wav,61.0
ExpressiveWholeBodyDatasetReleaseV1.0/beat_english_v2.0.0/wave16k/10_kieks_0_11_11.wav,60.0
ExpressiveWholeBodyDatasetReleaseV1.0/beat_english_v2.0.0/wave16k/11_nidal_0_52_52.wav,60.0
ExpressiveWholeBodyDatasetReleaseV1.0/beat_english_v2.0.0/wave16k/12_zhao_0_65_65.wav,60.0
ExpressiveWholeBodyDatasetReleaseV1.0/beat_english_v2.0.0/wave16k/12_zhao_0_95_95.wav,60.0
ExpressiveWholeBodyDatasetReleaseV1.0/beat_english_v2.0.0/wave16k/12_zhao_0_96_96.wav,60.0
ExpressiveWholeBodyDatasetReleaseV1.0/beat_english_v2.0.0/wave16k/16_jorge_0_103_103.wav,60.0
ExpressiveWholeBodyDatasetReleaseV1.0/beat_english_v2.0.0/wave16k/16_jorge_0_14_14.wav,60.0
ExpressiveWholeBodyDatasetReleaseV1.0/beat_english_v2.0.0/wave16k/16_jorge_0_6_6.wav,60.0
ExpressiveWholeBodyDatasetReleaseV1.0/beat_english_v2.0.0/wave16k/16_jorge_0_87_87.wav,60.0
ExpressiveWholeBodyDatasetReleaseV1.0/beat_english_v2.0.0/wave16k/17_itoi_0_73_73.wav,60.0
ExpressiveWholeBodyDatasetReleaseV1.0/beat_english_v2.0.0/wave16k/18_daiki_0_73_73.wav,60.0
ExpressiveWholeBodyDatasetReleaseV1.0/beat_english_v2.0.0/wave16k/1_wayne_0_101_101.wav,60.0
ExpressiveWholeBodyDatasetReleaseV1.0/beat_english_v2.0.0/wave16k/1_wayne_0_10_10.wav,60.0
ExpressiveWholeBodyDatasetReleaseV1.0/beat_english_v2.0.0/wave16k/1_wayne_0_70_70.wav,60.0
ExpressiveWholeBodyDatasetReleaseV1.0/beat_english_v2.0.0/wave16k/20_li_0_96_96.wav,60.0
ExpressiveWholeBodyDatasetReleaseV1.0/beat_english_v2.0.0/wave16k/21_ayana_0_39_39.wav,60.0
ExpressiveWholeBodyDatasetReleaseV1.0/beat_english_v2.0.0/wave16k/22_luqi_0_96_96.wav,60.0
ExpressiveWholeBodyDatasetReleaseV1.0/beat_english_v2.0.0/wave16k/2_scott_0_101_101.wav,60.0
ExpressiveWholeBodyDatasetReleaseV1.0/beat_english_v2.0.0/wave16k/2_scott_0_104_104.wav,60.0
ExpressiveWholeBodyDatasetReleaseV1.0/beat_english_v2.0.0/wave16k/2_scott_0_111_111.wav,60.0
ExpressiveWholeBodyDatasetReleaseV1.0/beat_english_v2.0.0/wave16k/2_scott_0_34_34.wav,60.0
ExpressiveWholeBodyDatasetReleaseV1.0/beat_english_v2.0.0/wave16k/3_solomon_0_47_47.wav,60.0
ExpressiveWholeBodyDatasetReleaseV1.0/beat_english_v2.0.0/wave16k/3_solomon_0_57_57.wav,60.0
ExpressiveWholeBodyDatasetReleaseV1.0/beat_english_v2.0.0/wave16k/4_lawrence_0_43_43.wav,60.0
ExpressiveWholeBodyDatasetReleaseV1.0/beat_english_v2.0.0/wave16k/4_lawrence_0_44_44.wav,60.0
ExpressiveWholeBodyDatasetReleaseV1.0/beat_english_v2.0.0/wave16k/5_stewart_0_9_9.wav,60.0
ExpressiveWholeBodyDatasetReleaseV1.0/beat_english_v2.0.0/wave16k/6_carla_0_104_104.wav,60.0
ExpressiveWholeBodyDatasetReleaseV1.0/beat_english_v2.0.0/wave16k/7_sophie_0_81_81.wav,60.0
ExpressiveWholeBodyDatasetReleaseV1.0/beat_english_v2.0.0/wave16k/9_miranda_0_21_21.wav,60.0
ExpressiveWholeBodyDatasetReleaseV1.0/beat_english_v2.0.0/wave16k/9_miranda_0_28_28.wav,60.0
ExpressiveWholeBodyDatasetReleaseV1.0/beat_english_v2.0.0/wave16k/9_miranda_0_89_89.wav,60.0
ExpressiveWholeBodyDatasetReleaseV1.0/beat_english_v2.0.0/wave16k/10_kieks_0_111_111.wav,59.0
ExpressiveWholeBodyDatasetReleaseV1.0/beat_english_v2.0.0/wave16k/10_kieks_0_112_112.wav,59.0
ExpressiveWholeBodyDatasetReleaseV1.0/beat_english_v2.0.0/wave16k/10_kieks_0_82_82.wav,59.0
ExpressiveWholeBodyDatasetReleaseV1.0/beat_english_v2.0.0/wave16k/11_nidal_0_51_51.wav,59.0
ExpressiveWholeBodyDatasetReleaseV1.0/beat_english_v2.0.0/wave16k/11_nidal_0_67_67.wav,59.0
ExpressiveWholeBodyDatasetReleaseV1.0/beat_english_v2.0.0/wave16k/1_wayne_0_80_80.wav,59.0
ExpressiveWholeBodyDatasetReleaseV1.0/beat_english_v2.0.0/wave16k/21_ayana_0_108_108.wav,59.0
ExpressiveWholeBodyDatasetReleaseV1.0/beat_english_v2.0.0/wave16k/21_ayana_0_38_38.wav,59.0
ExpressiveWholeBodyDatasetReleaseV1.0/beat_english_v2.0.0/wave16k/21_ayana_0_46_46.wav,59.0
ExpressiveWholeBodyDatasetReleaseV1.0/beat_english_v2.0.0/wave16k/23_hailing_0_65_65.wav,59.0
ExpressiveWholeBodyDatasetReleaseV1.0/beat_english_v2.0.0/wave16k/24_kexin_0_96_96.wav,59.0
ExpressiveWholeBodyDatasetReleaseV1.0/beat_english_v2.0.0/wave16k/2_scott_0_44_44.wav,59.0
ExpressiveWholeBodyDatasetReleaseV1.0/beat_english_v2.0.0/wave16k/2_scott_0_57_57.wav,59.0
ExpressiveWholeBodyDatasetReleaseV1.0/beat_english_v2.0.0/wave16k/2_scott_0_68_68.wav,59.0
ExpressiveWholeBodyDatasetReleaseV1.0/beat_english_v2.0.0/wave16k/2_scott_0_73_73.wav,59.0
ExpressiveWholeBodyDatasetReleaseV1.0/beat_english_v2.0.0/wave16k/30_katya_0_95_95.wav,59.0
ExpressiveWholeBodyDatasetReleaseV1.0/beat_english_v2.0.0/wave16k/3_solomon_0_105_105.wav,59.0
ExpressiveWholeBodyDatasetReleaseV1.0/beat_english_v2.0.0/wave16k/3_solomon_0_63_63.wav,59.0
ExpressiveWholeBodyDatasetReleaseV1.0/beat_english_v2.0.0/wave16k/4_lawrence_0_59_59.wav,59.0
ExpressiveWholeBodyDatasetReleaseV1.0/beat_english_v2.0.0/wave16k/4_lawrence_0_80_80.wav,59.0
ExpressiveWholeBodyDatasetReleaseV1.0/beat_english_v2.0.0/wave16k/4_lawrence_0_98_98.wav,59.0
ExpressiveWholeBodyDatasetReleaseV1.0/beat_english_v2.0.0/wave16k/6_carla_0_61_61.wav,59.0
ExpressiveWholeBodyDatasetReleaseV1.0/beat_english_v2.0.0/wave16k/6_carla_0_64_64.wav,59.0
ExpressiveWholeBodyDatasetReleaseV1.0/beat_english_v2.0.0/wave16k/7_sophie_0_114_114.wav,59.0
ExpressiveWholeBodyDatasetReleaseV1.0/beat_english_v2.0.0/wave16k/7_sophie_0_20_20.wav,59.0
ExpressiveWholeBodyDatasetReleaseV1.0/beat_english_v2.0.0/wave16k/7_sophie_0_37_37.wav,59.0
ExpressiveWholeBodyDatasetReleaseV1.0/beat_english_v2.0.0/wave16k/7_sophie_0_47_47.wav,59.0
ExpressiveWholeBodyDatasetReleaseV1.0/beat_english_v2.0.0/wave16k/9_miranda_0_111_111.wav,59.0
ExpressiveWholeBodyDatasetReleaseV1.0/beat_english_v2.0.0/wave16k/9_miranda_0_18_18.wav,59.0
ExpressiveWholeBodyDatasetReleaseV1.0/beat_english_v2.0.0/wave16k/9_miranda_0_86_86.wav,59.0
ExpressiveWholeBodyDatasetReleaseV1.0/beat_english_v2.0.0/wave16k/9_miranda_0_90_90.wav,59.0
ExpressiveWholeBodyDatasetReleaseV1.0/beat_english_v2.0.0/wave16k/9_miranda_0_99_99.wav,59.0
ExpressiveWholeBodyDatasetReleaseV1.0/beat_english_v2.0.0/wave16k/27_yingqing_0_96_96.wav,58.99225
ExpressiveWholeBodyDatasetReleaseV1.0/beat_english_v2.0.0/wave16k/10_kieks_0_7_7.wav,58.0
ExpressiveWholeBodyDatasetReleaseV1.0/beat_english_v2.0.0/wave16k/11_nidal_0_42_42.wav,58.0
ExpressiveWholeBodyDatasetReleaseV1.0/beat_english_v2.0.0/wave16k/11_nidal_0_77_77.wav,58.0
ExpressiveWholeBodyDatasetReleaseV1.0/beat_english_v2.0.0/wave16k/11_nidal_0_83_83.wav,58.0
ExpressiveWholeBodyDatasetReleaseV1.0/beat_english_v2.0.0/wave16k/16_jorge_0_13_13.wav,58.0
ExpressiveWholeBodyDatasetReleaseV1.0/beat_english_v2.0.0/wave16k/16_jorge_0_2_2.wav,58.0
ExpressiveWholeBodyDatasetReleaseV1.0/beat_english_v2.0.0/wave16k/16_jorge_0_8_8.wav,58.0
ExpressiveWholeBodyDatasetReleaseV1.0/beat_english_v2.0.0/wave16k/1_wayne_0_102_102.wav,58.0
ExpressiveWholeBodyDatasetReleaseV1.0/beat_english_v2.0.0/wave16k/1_wayne_0_112_112.wav,58.0
ExpressiveWholeBodyDatasetReleaseV1.0/beat_english_v2.0.0/wave16k/1_wayne_0_44_44.wav,58.0
ExpressiveWholeBodyDatasetReleaseV1.0/beat_english_v2.0.0/wave16k/1_wayne_0_47_47.wav,58.0
ExpressiveWholeBodyDatasetReleaseV1.0/beat_english_v2.0.0/wave16k/1_wayne_0_68_68.wav,58.0
ExpressiveWholeBodyDatasetReleaseV1.0/beat_english_v2.0.0/wave16k/21_ayana_0_102_102.wav,58.0
ExpressiveWholeBodyDatasetReleaseV1.0/beat_english_v2.0.0/wave16k/21_ayana_0_69_69.wav,58.0
ExpressiveWholeBodyDatasetReleaseV1.0/beat_english_v2.0.0/wave16k/22_luqi_0_65_65.wav,58.0
ExpressiveWholeBodyDatasetReleaseV1.0/beat_english_v2.0.0/wave16k/28_tiffnay_0_73_73.wav,58.0
ExpressiveWholeBodyDatasetReleaseV1.0/beat_english_v2.0.0/wave16k/2_scott_0_89_89.wav,58.0
ExpressiveWholeBodyDatasetReleaseV1.0/beat_english_v2.0.0/wave16k/30_katya_0_73_73.wav,58.0
ExpressiveWholeBodyDatasetReleaseV1.0/beat_english_v2.0.0/wave16k/3_solomon_0_41_41.wav,58.0
ExpressiveWholeBodyDatasetReleaseV1.0/beat_english_v2.0.0/wave16k/4_lawrence_0_118_118.wav,58.0
ExpressiveWholeBodyDatasetReleaseV1.0/beat_english_v2.0.0/wave16k/4_lawrence_0_41_41.wav,58.0
ExpressiveWholeBodyDatasetReleaseV1.0/beat_english_v2.0.0/wave16k/4_lawrence_0_51_51.wav,58.0
ExpressiveWholeBodyDatasetReleaseV1.0/beat_english_v2.0.0/wave16k/4_lawrence_0_52_52.wav,58.0
ExpressiveWholeBodyDatasetReleaseV1.0/beat_english_v2.0.0/wave16k/4_lawrence_0_92_92.wav,58.0
ExpressiveWholeBodyDatasetReleaseV1.0/beat_english_v2.0.0/wave16k/4_lawrence_0_94_94.wav,58.0
ExpressiveWholeBodyDatasetReleaseV1.0/beat_english_v2.0.0/wave16k/6_carla_0_50_50.wav,58.0
ExpressiveWholeBodyDatasetReleaseV1.0/beat_english_v2.0.0/wave16k/6_carla_0_82_82.wav,58.0
ExpressiveWholeBodyDatasetReleaseV1.0/beat_english_v2.0.0/wave16k/7_sophie_0_100_100.wav,58.0
ExpressiveWholeBodyDatasetReleaseV1.0/beat_english_v2.0.0/wave16k/7_sophie_0_1_1.wav,58.0
ExpressiveWholeBodyDatasetReleaseV1.0/beat_english_v2.0.0/wave16k/7_sophie_0_44_44.wav,58.0
ExpressiveWholeBodyDatasetReleaseV1.0/beat_english_v2.0.0/wave16k/7_sophie_0_7_7.wav,58.0
ExpressiveWholeBodyDatasetReleaseV1.0/beat_english_v2.0.0/wave16k/9_miranda_0_104_104.wav,58.0
ExpressiveWholeBodyDatasetReleaseV1.0/beat_english_v2.0.0/wave16k/9_miranda_0_27_27.wav,58.0
ExpressiveWholeBodyDatasetReleaseV1.0/beat_english_v2.0.0/wave16k/9_miranda_0_37_37.wav,58.0
ExpressiveWholeBodyDatasetReleaseV1.0/beat_english_v2.0.0/wave16k/10_kieks_0_9_9.wav,57.0
ExpressiveWholeBodyDatasetReleaseV1.0/beat_english_v2.0.0/wave16k/11_nidal_0_114_114.wav,57.0
ExpressiveWholeBodyDatasetReleaseV1.0/beat_english_v2.0.0/wave16k/12_zhao_0_73_73.wav,57.0
ExpressiveWholeBodyDatasetReleaseV1.0/beat_english_v2.0.0/wave16k/13_lu_0_66_66.wav,57.0
ExpressiveWholeBodyDatasetReleaseV1.0/beat_english_v2.0.0/wave16k/1_wayne_0_100_100.wav,57.0
ExpressiveWholeBodyDatasetReleaseV1.0/beat_english_v2.0.0/wave16k/1_wayne_0_74_74.wav,57.0
ExpressiveWholeBodyDatasetReleaseV1.0/beat_english_v2.0.0/wave16k/21_ayana_0_34_34.wav,57.0
ExpressiveWholeBodyDatasetReleaseV1.0/beat_english_v2.0.0/wave16k/21_ayana_0_64_64.wav,57.0
ExpressiveWholeBodyDatasetReleaseV1.0/beat_english_v2.0.0/wave16k/2_scott_0_103_103.wav,57.0
ExpressiveWholeBodyDatasetReleaseV1.0/beat_english_v2.0.0/wave16k/2_scott_0_38_38.wav,57.0
ExpressiveWholeBodyDatasetReleaseV1.0/beat_english_v2.0.0/wave16k/2_scott_0_47_47.wav,57.0
ExpressiveWholeBodyDatasetReleaseV1.0/beat_english_v2.0.0/wave16k/3_solomon_0_106_106.wav,57.0
ExpressiveWholeBodyDatasetReleaseV1.0/beat_english_v2.0.0/wave16k/3_solomon_0_36_36.wav,57.0
ExpressiveWholeBodyDatasetReleaseV1.0/beat_english_v2.0.0/wave16k/3_solomon_0_42_42.wav,57.0
ExpressiveWholeBodyDatasetReleaseV1.0/beat_english_v2.0.0/wave16k/3_solomon_0_70_70.wav,57.0
ExpressiveWholeBodyDatasetReleaseV1.0/beat_english_v2.0.0/wave16k/6_carla_0_90_90.wav,57.0
ExpressiveWholeBodyDatasetReleaseV1.0/beat_english_v2.0.0/wave16k/7_sophie_0_102_102.wav,57.0
ExpressiveWholeBodyDatasetReleaseV1.0/beat_english_v2.0.0/wave16k/7_sophie_0_108_108.wav,57.0
ExpressiveWholeBodyDatasetReleaseV1.0/beat_english_v2.0.0/wave16k/9_miranda_0_23_23.wav,57.0
ExpressiveWholeBodyDatasetReleaseV1.0/beat_english_v2.0.0/wave16k/9_miranda_0_24_24.wav,57.0
ExpressiveWholeBodyDatasetReleaseV1.0/beat_english_v2.0.0/wave16k/9_miranda_0_50_50.wav,57.0
ExpressiveWholeBodyDatasetReleaseV1.0/beat_english_v2.0.0/wave16k/9_miranda_0_61_61.wav,57.0
ExpressiveWholeBodyDatasetReleaseV1.0/beat_english_v2.0.0/wave16k/9_miranda_0_80_80.wav,57.0
ExpressiveWholeBodyDatasetReleaseV1.0/beat_english_v2.0.0/wave16k/15_carlos_0_2_2.wav,56.8568125
ExpressiveWholeBodyDatasetReleaseV1.0/beat_english_v2.0.0/wave16k/10_kieks_0_66_66.wav,56.0
ExpressiveWholeBodyDatasetReleaseV1.0/beat_english_v2.0.0/wave16k/10_kieks_0_81_81.wav,56.0
ExpressiveWholeBodyDatasetReleaseV1.0/beat_english_v2.0.0/wave16k/11_nidal_0_45_45.wav,56.0
ExpressiveWholeBodyDatasetReleaseV1.0/beat_english_v2.0.0/wave16k/13_lu_0_74_74.wav,56.0
ExpressiveWholeBodyDatasetReleaseV1.0/beat_english_v2.0.0/wave16k/16_jorge_0_3_3.wav,56.0
ExpressiveWholeBodyDatasetReleaseV1.0/beat_english_v2.0.0/wave16k/16_jorge_0_4_4.wav,56.0
ExpressiveWholeBodyDatasetReleaseV1.0/beat_english_v2.0.0/wave16k/16_jorge_0_7_7.wav,56.0
ExpressiveWholeBodyDatasetReleaseV1.0/beat_english_v2.0.0/wave16k/1_wayne_0_108_108.wav,56.0
ExpressiveWholeBodyDatasetReleaseV1.0/beat_english_v2.0.0/wave16k/1_wayne_0_114_114.wav,56.0
ExpressiveWholeBodyDatasetReleaseV1.0/beat_english_v2.0.0/wave16k/21_ayana_0_100_100.wav,56.0
ExpressiveWholeBodyDatasetReleaseV1.0/beat_english_v2.0.0/wave16k/21_ayana_0_70_70.wav,56.0
ExpressiveWholeBodyDatasetReleaseV1.0/beat_english_v2.0.0/wave16k/21_ayana_0_72_72.wav,56.0
ExpressiveWholeBodyDatasetReleaseV1.0/beat_english_v2.0.0/wave16k/2_scott_0_10_10.wav,56.0
ExpressiveWholeBodyDatasetReleaseV1.0/beat_english_v2.0.0/wave16k/2_scott_0_59_59.wav,56.0
ExpressiveWholeBodyDatasetReleaseV1.0/beat_english_v2.0.0/wave16k/2_scott_0_77_77.wav,56.0
ExpressiveWholeBodyDatasetReleaseV1.0/beat_english_v2.0.0/wave16k/2_scott_0_9_9.wav,56.0
ExpressiveWholeBodyDatasetReleaseV1.0/beat_english_v2.0.0/wave16k/3_solomon_0_48_48.wav,56.0
ExpressiveWholeBodyDatasetReleaseV1.0/beat_english_v2.0.0/wave16k/3_solomon_0_56_56.wav,56.0
ExpressiveWholeBodyDatasetReleaseV1.0/beat_english_v2.0.0/wave16k/4_lawrence_0_107_107.wav,56.0
ExpressiveWholeBodyDatasetReleaseV1.0/beat_english_v2.0.0/wave16k/4_lawrence_0_36_36.wav,56.0
ExpressiveWholeBodyDatasetReleaseV1.0/beat_english_v2.0.0/wave16k/4_lawrence_0_63_63.wav,56.0
ExpressiveWholeBodyDatasetReleaseV1.0/beat_english_v2.0.0/wave16k/4_lawrence_0_70_70.wav,56.0
ExpressiveWholeBodyDatasetReleaseV1.0/beat_english_v2.0.0/wave16k/4_lawrence_0_96_96.wav,56.0
ExpressiveWholeBodyDatasetReleaseV1.0/beat_english_v2.0.0/wave16k/6_carla_0_69_69.wav,56.0
ExpressiveWholeBodyDatasetReleaseV1.0/beat_english_v2.0.0/wave16k/7_sophie_0_18_18.wav,56.0
ExpressiveWholeBodyDatasetReleaseV1.0/beat_english_v2.0.0/wave16k/7_sophie_0_39_39.wav,56.0
ExpressiveWholeBodyDatasetReleaseV1.0/beat_english_v2.0.0/wave16k/7_sophie_0_64_64.wav,56.0
ExpressiveWholeBodyDatasetReleaseV1.0/beat_english_v2.0.0/wave16k/7_sophie_0_93_93.wav,56.0
ExpressiveWholeBodyDatasetReleaseV1.0/beat_english_v2.0.0/wave16k/9_miranda_0_101_101.wav,56.0
ExpressiveWholeBodyDatasetReleaseV1.0/beat_english_v2.0.0/wave16k/9_miranda_0_114_114.wav,56.0
ExpressiveWholeBodyDatasetReleaseV1.0/beat_english_v2.0.0/wave16k/9_miranda_0_13_13.wav,56.0
ExpressiveWholeBodyDatasetReleaseV1.0/beat_english_v2.0.0/wave16k/9_miranda_0_47_47.wav,56.0
ExpressiveWholeBodyDatasetReleaseV1.0/beat_english_v2.0.0/wave16k/10_kieks_0_10_10.wav,55.0
ExpressiveWholeBodyDatasetReleaseV1.0/beat_english_v2.0.0/wave16k/10_kieks_0_74_74.wav,55.0
ExpressiveWholeBodyDatasetReleaseV1.0/beat_english_v2.0.0/wave16k/13_lu_0_95_95.wav,55.0
ExpressiveWholeBodyDatasetReleaseV1.0/beat_english_v2.0.0/wave16k/16_jorge_0_11_11.wav,55.0
ExpressiveWholeBodyDatasetReleaseV1.0/beat_english_v2.0.0/wave16k/16_jorge_0_66_66.wav,55.0
ExpressiveWholeBodyDatasetReleaseV1.0/beat_english_v2.0.0/wave16k/16_jorge_0_82_82.wav,55.0
ExpressiveWholeBodyDatasetReleaseV1.0/beat_english_v2.0.0/wave16k/16_jorge_0_88_88.wav,55.0
ExpressiveWholeBodyDatasetReleaseV1.0/beat_english_v2.0.0/wave16k/1_wayne_0_60_60.wav,55.0
ExpressiveWholeBodyDatasetReleaseV1.0/beat_english_v2.0.0/wave16k/1_wayne_0_99_99.wav,55.0
ExpressiveWholeBodyDatasetReleaseV1.0/beat_english_v2.0.0/wave16k/21_ayana_0_37_37.wav,55.0
ExpressiveWholeBodyDatasetReleaseV1.0/beat_english_v2.0.0/wave16k/22_luqi_0_73_73.wav,55.0
ExpressiveWholeBodyDatasetReleaseV1.0/beat_english_v2.0.0/wave16k/24_kexin_0_73_73.wav,55.0
ExpressiveWholeBodyDatasetReleaseV1.0/beat_english_v2.0.0/wave16k/2_scott_0_100_100.wav,55.0
ExpressiveWholeBodyDatasetReleaseV1.0/beat_english_v2.0.0/wave16k/2_scott_0_112_112.wav,55.0
ExpressiveWholeBodyDatasetReleaseV1.0/beat_english_v2.0.0/wave16k/2_scott_0_48_48.wav,55.0
ExpressiveWholeBodyDatasetReleaseV1.0/beat_english_v2.0.0/wave16k/2_scott_0_84_84.wav,55.0
ExpressiveWholeBodyDatasetReleaseV1.0/beat_english_v2.0.0/wave16k/3_solomon_0_78_78.wav,55.0
ExpressiveWholeBodyDatasetReleaseV1.0/beat_english_v2.0.0/wave16k/3_solomon_0_91_91.wav,55.0
ExpressiveWholeBodyDatasetReleaseV1.0/beat_english_v2.0.0/wave16k/3_solomon_0_96_96.wav,55.0
ExpressiveWholeBodyDatasetReleaseV1.0/beat_english_v2.0.0/wave16k/4_lawrence_0_42_42.wav,55.0
ExpressiveWholeBodyDatasetReleaseV1.0/beat_english_v2.0.0/wave16k/5_stewart_0_74_74.wav,55.0
ExpressiveWholeBodyDatasetReleaseV1.0/beat_english_v2.0.0/wave16k/6_carla_0_103_103.wav,55.0
ExpressiveWholeBodyDatasetReleaseV1.0/beat_english_v2.0.0/wave16k/7_sophie_0_43_43.wav,55.0
ExpressiveWholeBodyDatasetReleaseV1.0/beat_english_v2.0.0/wave16k/7_sophie_0_80_80.wav,55.0
ExpressiveWholeBodyDatasetReleaseV1.0/beat_english_v2.0.0/wave16k/9_miranda_0_20_20.wav,55.0
ExpressiveWholeBodyDatasetReleaseV1.0/beat_english_v2.0.0/wave16k/9_miranda_0_40_40.wav,55.0
ExpressiveWholeBodyDatasetReleaseV1.0/beat_english_v2.0.0/wave16k/9_miranda_0_64_64.wav,55.0
ExpressiveWholeBodyDatasetReleaseV1.0/beat_english_v2.0.0/wave16k/11_nidal_0_118_118.wav,54.1874375
ExpressiveWholeBodyDatasetReleaseV1.0/beat_english_v2.0.0/wave16k/10_kieks_0_95_95.wav,54.0
ExpressiveWholeBodyDatasetReleaseV1.0/beat_english_v2.0.0/wave16k/17_itoi_0_96_96.wav,54.0
ExpressiveWholeBodyDatasetReleaseV1.0/beat_english_v2.0.0/wave16k/1_wayne_0_43_43.wav,54.0
ExpressiveWholeBodyDatasetReleaseV1.0/beat_english_v2.0.0/wave16k/1_wayne_0_48_48.wav,54.0
ExpressiveWholeBodyDatasetReleaseV1.0/beat_english_v2.0.0/wave16k/21_ayana_0_65_65.wav,54.0
ExpressiveWholeBodyDatasetReleaseV1.0/beat_english_v2.0.0/wave16k/21_ayana_0_68_68.wav,54.0
ExpressiveWholeBodyDatasetReleaseV1.0/beat_english_v2.0.0/wave16k/21_ayana_0_74_74.wav,54.0
ExpressiveWholeBodyDatasetReleaseV1.0/beat_english_v2.0.0/wave16k/23_hailing_0_96_96.wav,54.0
ExpressiveWholeBodyDatasetReleaseV1.0/beat_english_v2.0.0/wave16k/30_katya_0_96_96.wav,54.0
ExpressiveWholeBodyDatasetReleaseV1.0/beat_english_v2.0.0/wave16k/3_solomon_0_43_43.wav,54.0
ExpressiveWholeBodyDatasetReleaseV1.0/beat_english_v2.0.0/wave16k/3_solomon_0_54_54.wav,54.0
ExpressiveWholeBodyDatasetReleaseV1.0/beat_english_v2.0.0/wave16k/3_solomon_0_73_73.wav,54.0
ExpressiveWholeBodyDatasetReleaseV1.0/beat_english_v2.0.0/wave16k/4_lawrence_0_68_68.wav,54.0
ExpressiveWholeBodyDatasetReleaseV1.0/beat_english_v2.0.0/wave16k/4_lawrence_0_72_72.wav,54.0
ExpressiveWholeBodyDatasetReleaseV1.0/beat_english_v2.0.0/wave16k/4_lawrence_0_79_79.wav,54.0
ExpressiveWholeBodyDatasetReleaseV1.0/beat_english_v2.0.0/wave16k/6_carla_0_111_111.wav,54.0
ExpressiveWholeBodyDatasetReleaseV1.0/beat_english_v2.0.0/wave16k/6_carla_0_81_81.wav,54.0
ExpressiveWholeBodyDatasetReleaseV1.0/beat_english_v2.0.0/wave16k/7_sophie_0_10_10.wav,54.0
ExpressiveWholeBodyDatasetReleaseV1.0/beat_english_v2.0.0/wave16k/7_sophie_0_112_112.wav,54.0
ExpressiveWholeBodyDatasetReleaseV1.0/beat_english_v2.0.0/wave16k/9_miranda_0_100_100.wav,54.0
ExpressiveWholeBodyDatasetReleaseV1.0/beat_english_v2.0.0/wave16k/9_miranda_0_105_105.wav,54.0
ExpressiveWholeBodyDatasetReleaseV1.0/beat_english_v2.0.0/wave16k/9_miranda_0_108_108.wav,54.0
ExpressiveWholeBodyDatasetReleaseV1.0/beat_english_v2.0.0/wave16k/9_miranda_0_11_11.wav,54.0
ExpressiveWholeBodyDatasetReleaseV1.0/beat_english_v2.0.0/wave16k/9_miranda_0_44_44.wav,54.0
ExpressiveWholeBodyDatasetReleaseV1.0/beat_english_v2.0.0/wave16k/9_miranda_0_93_93.wav,54.0
ExpressiveWholeBodyDatasetReleaseV1.0/beat_english_v2.0.0/wave16k/1_wayne_0_57_57.wav,53.0
ExpressiveWholeBodyDatasetReleaseV1.0/beat_english_v2.0.0/wave16k/21_ayana_0_79_79.wav,53.0
ExpressiveWholeBodyDatasetReleaseV1.0/beat_english_v2.0.0/wave16k/21_ayana_0_94_94.wav,53.0
ExpressiveWholeBodyDatasetReleaseV1.0/beat_english_v2.0.0/wave16k/21_ayana_0_97_97.wav,53.0
ExpressiveWholeBodyDatasetReleaseV1.0/beat_english_v2.0.0/wave16k/28_tiffnay_0_96_96.wav,53.0
ExpressiveWholeBodyDatasetReleaseV1.0/beat_english_v2.0.0/wave16k/2_scott_0_114_114.wav,53.0
ExpressiveWholeBodyDatasetReleaseV1.0/beat_english_v2.0.0/wave16k/2_scott_0_63_63.wav,53.0
ExpressiveWholeBodyDatasetReleaseV1.0/beat_english_v2.0.0/wave16k/2_scott_0_65_65.wav,53.0
ExpressiveWholeBodyDatasetReleaseV1.0/beat_english_v2.0.0/wave16k/2_scott_0_72_72.wav,53.0
ExpressiveWholeBodyDatasetReleaseV1.0/beat_english_v2.0.0/wave16k/3_solomon_0_59_59.wav,53.0
ExpressiveWholeBodyDatasetReleaseV1.0/beat_english_v2.0.0/wave16k/3_solomon_0_76_76.wav,53.0
ExpressiveWholeBodyDatasetReleaseV1.0/beat_english_v2.0.0/wave16k/4_lawrence_0_65_65.wav,53.0
ExpressiveWholeBodyDatasetReleaseV1.0/beat_english_v2.0.0/wave16k/5_stewart_0_10_10.wav,53.0
ExpressiveWholeBodyDatasetReleaseV1.0/beat_english_v2.0.0/wave16k/6_carla_0_102_102.wav,53.0
ExpressiveWholeBodyDatasetReleaseV1.0/beat_english_v2.0.0/wave16k/6_carla_0_112_112.wav,53.0
ExpressiveWholeBodyDatasetReleaseV1.0/beat_english_v2.0.0/wave16k/6_carla_0_66_66.wav,53.0
ExpressiveWholeBodyDatasetReleaseV1.0/beat_english_v2.0.0/wave16k/6_carla_0_80_80.wav,53.0
ExpressiveWholeBodyDatasetReleaseV1.0/beat_english_v2.0.0/wave16k/6_carla_0_93_93.wav,53.0
ExpressiveWholeBodyDatasetReleaseV1.0/beat_english_v2.0.0/wave16k/7_sophie_0_34_34.wav,53.0
ExpressiveWholeBodyDatasetReleaseV1.0/beat_english_v2.0.0/wave16k/7_sophie_0_69_69.wav,53.0
ExpressiveWholeBodyDatasetReleaseV1.0/beat_english_v2.0.0/wave16k/7_sophie_0_99_99.wav,53.0
ExpressiveWholeBodyDatasetReleaseV1.0/beat_english_v2.0.0/wave16k/9_miranda_0_39_39.wav,53.0
ExpressiveWholeBodyDatasetReleaseV1.0/beat_english_v2.0.0/wave16k/9_miranda_0_72_72.wav,53.0
ExpressiveWholeBodyDatasetReleaseV1.0/beat_english_v2.0.0/wave16k/9_miranda_0_9_9.wav,53.0
ExpressiveWholeBodyDatasetReleaseV1.0/beat_english_v2.0.0/wave16k/11_nidal_0_56_56.wav,52.0
ExpressiveWholeBodyDatasetReleaseV1.0/beat_english_v2.0.0/wave16k/11_nidal_0_71_71.wav,52.0
ExpressiveWholeBodyDatasetReleaseV1.0/beat_english_v2.0.0/wave16k/16_jorge_0_1_1.wav,52.0
ExpressiveWholeBodyDatasetReleaseV1.0/beat_english_v2.0.0/wave16k/1_wayne_0_34_34.wav,52.0
ExpressiveWholeBodyDatasetReleaseV1.0/beat_english_v2.0.0/wave16k/1_wayne_0_36_36.wav,52.0
ExpressiveWholeBodyDatasetReleaseV1.0/beat_english_v2.0.0/wave16k/1_wayne_0_79_79.wav,52.0
ExpressiveWholeBodyDatasetReleaseV1.0/beat_english_v2.0.0/wave16k/1_wayne_0_84_84.wav,52.0
ExpressiveWholeBodyDatasetReleaseV1.0/beat_english_v2.0.0/wave16k/1_wayne_0_95_95.wav,52.0
ExpressiveWholeBodyDatasetReleaseV1.0/beat_english_v2.0.0/wave16k/21_ayana_0_106_106.wav,52.0
ExpressiveWholeBodyDatasetReleaseV1.0/beat_english_v2.0.0/wave16k/21_ayana_0_43_43.wav,52.0
ExpressiveWholeBodyDatasetReleaseV1.0/beat_english_v2.0.0/wave16k/21_ayana_0_47_47.wav,52.0
ExpressiveWholeBodyDatasetReleaseV1.0/beat_english_v2.0.0/wave16k/21_ayana_0_63_63.wav,52.0
ExpressiveWholeBodyDatasetReleaseV1.0/beat_english_v2.0.0/wave16k/21_ayana_0_84_84.wav,52.0
ExpressiveWholeBodyDatasetReleaseV1.0/beat_english_v2.0.0/wave16k/21_ayana_0_91_91.wav,52.0
ExpressiveWholeBodyDatasetReleaseV1.0/beat_english_v2.0.0/wave16k/2_scott_0_106_106.wav,52.0
ExpressiveWholeBodyDatasetReleaseV1.0/beat_english_v2.0.0/wave16k/2_scott_0_110_110.wav,52.0
ExpressiveWholeBodyDatasetReleaseV1.0/beat_english_v2.0.0/wave16k/2_scott_0_86_86.wav,52.0
ExpressiveWholeBodyDatasetReleaseV1.0/beat_english_v2.0.0/wave16k/3_solomon_0_77_77.wav,52.0
ExpressiveWholeBodyDatasetReleaseV1.0/beat_english_v2.0.0/wave16k/4_lawrence_0_69_69.wav,52.0
ExpressiveWholeBodyDatasetReleaseV1.0/beat_english_v2.0.0/wave16k/6_carla_0_114_114.wav,52.0
ExpressiveWholeBodyDatasetReleaseV1.0/beat_english_v2.0.0/wave16k/6_carla_0_79_79.wav,52.0
ExpressiveWholeBodyDatasetReleaseV1.0/beat_english_v2.0.0/wave16k/7_sophie_0_36_36.wav,52.0
ExpressiveWholeBodyDatasetReleaseV1.0/beat_english_v2.0.0/wave16k/7_sophie_0_72_72.wav,52.0
ExpressiveWholeBodyDatasetReleaseV1.0/beat_english_v2.0.0/wave16k/7_sophie_0_86_86.wav,52.0
ExpressiveWholeBodyDatasetReleaseV1.0/beat_english_v2.0.0/wave16k/9_miranda_0_10_10.wav,52.0
ExpressiveWholeBodyDatasetReleaseV1.0/beat_english_v2.0.0/wave16k/9_miranda_0_112_112.wav,52.0
ExpressiveWholeBodyDatasetReleaseV1.0/beat_english_v2.0.0/wave16k/9_miranda_0_74_74.wav,52.0
ExpressiveWholeBodyDatasetReleaseV1.0/beat_english_v2.0.0/wave16k/9_miranda_0_81_81.wav,52.0
ExpressiveWholeBodyDatasetReleaseV1.0/beat_english_v2.0.0/wave16k/15_carlos_0_3_3.wav,51.518125
ExpressiveWholeBodyDatasetReleaseV1.0/beat_english_v2.0.0/wave16k/11_nidal_0_117_117.wav,51.0
ExpressiveWholeBodyDatasetReleaseV1.0/beat_english_v2.0.0/wave16k/11_nidal_0_53_53.wav,51.0
ExpressiveWholeBodyDatasetReleaseV1.0/beat_english_v2.0.0/wave16k/1_wayne_0_41_41.wav,51.0
ExpressiveWholeBodyDatasetReleaseV1.0/beat_english_v2.0.0/wave16k/1_wayne_0_63_63.wav,51.0
ExpressiveWholeBodyDatasetReleaseV1.0/beat_english_v2.0.0/wave16k/1_wayne_0_67_67.wav,51.0
ExpressiveWholeBodyDatasetReleaseV1.0/beat_english_v2.0.0/wave16k/1_wayne_0_91_91.wav,51.0
ExpressiveWholeBodyDatasetReleaseV1.0/beat_english_v2.0.0/wave16k/1_wayne_0_92_92.wav,51.0
ExpressiveWholeBodyDatasetReleaseV1.0/beat_english_v2.0.0/wave16k/21_ayana_0_109_109.wav,51.0
ExpressiveWholeBodyDatasetReleaseV1.0/beat_english_v2.0.0/wave16k/21_ayana_0_118_118.wav,51.0
ExpressiveWholeBodyDatasetReleaseV1.0/beat_english_v2.0.0/wave16k/21_ayana_0_57_57.wav,51.0
ExpressiveWholeBodyDatasetReleaseV1.0/beat_english_v2.0.0/wave16k/21_ayana_0_73_73.wav,51.0
ExpressiveWholeBodyDatasetReleaseV1.0/beat_english_v2.0.0/wave16k/2_scott_0_102_102.wav,51.0
ExpressiveWholeBodyDatasetReleaseV1.0/beat_english_v2.0.0/wave16k/2_scott_0_43_43.wav,51.0
ExpressiveWholeBodyDatasetReleaseV1.0/beat_english_v2.0.0/wave16k/2_scott_0_69_69.wav,51.0
ExpressiveWholeBodyDatasetReleaseV1.0/beat_english_v2.0.0/wave16k/3_solomon_0_110_110.wav,51.0
ExpressiveWholeBodyDatasetReleaseV1.0/beat_english_v2.0.0/wave16k/3_solomon_0_33_33.wav,51.0
ExpressiveWholeBodyDatasetReleaseV1.0/beat_english_v2.0.0/wave16k/3_solomon_0_51_51.wav,51.0
ExpressiveWholeBodyDatasetReleaseV1.0/beat_english_v2.0.0/wave16k/3_solomon_0_67_67.wav,51.0
ExpressiveWholeBodyDatasetReleaseV1.0/beat_english_v2.0.0/wave16k/4_lawrence_0_113_113.wav,51.0
ExpressiveWholeBodyDatasetReleaseV1.0/beat_english_v2.0.0/wave16k/4_lawrence_0_74_74.wav,51.0
ExpressiveWholeBodyDatasetReleaseV1.0/beat_english_v2.0.0/wave16k/7_sophie_0_109_109.wav,51.0
ExpressiveWholeBodyDatasetReleaseV1.0/beat_english_v2.0.0/wave16k/7_sophie_0_118_118.wav,51.0
ExpressiveWholeBodyDatasetReleaseV1.0/beat_english_v2.0.0/wave16k/7_sophie_0_70_70.wav,51.0
ExpressiveWholeBodyDatasetReleaseV1.0/beat_english_v2.0.0/wave16k/7_sophie_0_74_74.wav,51.0
ExpressiveWholeBodyDatasetReleaseV1.0/beat_english_v2.0.0/wave16k/7_sophie_0_79_79.wav,51.0
ExpressiveWholeBodyDatasetReleaseV1.0/beat_english_v2.0.0/wave16k/9_miranda_0_102_102.wav,51.0
ExpressiveWholeBodyDatasetReleaseV1.0/beat_english_v2.0.0/wave16k/9_miranda_0_43_43.wav,51.0
ExpressiveWholeBodyDatasetReleaseV1.0/beat_english_v2.0.0/wave16k/9_miranda_0_66_66.wav,51.0
ExpressiveWholeBodyDatasetReleaseV1.0/beat_english_v2.0.0/wave16k/9_miranda_0_68_68.wav,51.0
ExpressiveWholeBodyDatasetReleaseV1.0/beat_english_v2.0.0/wave16k/9_miranda_0_69_69.wav,51.0
ExpressiveWholeBodyDatasetReleaseV1.0/beat_english_v2.0.0/wave16k/9_miranda_0_70_70.wav,51.0
ExpressiveWholeBodyDatasetReleaseV1.0/beat_english_v2.0.0/wave16k/10_kieks_0_65_65.wav,50.0
ExpressiveWholeBodyDatasetReleaseV1.0/beat_english_v2.0.0/wave16k/10_kieks_0_73_73.wav,50.0
ExpressiveWholeBodyDatasetReleaseV1.0/beat_english_v2.0.0/wave16k/11_nidal_0_49_49.wav,50.0
ExpressiveWholeBodyDatasetReleaseV1.0/beat_english_v2.0.0/wave16k/13_lu_0_96_96.wav,50.0
ExpressiveWholeBodyDatasetReleaseV1.0/beat_english_v2.0.0/wave16k/16_jorge_0_10_10.wav,50.0
ExpressiveWholeBodyDatasetReleaseV1.0/beat_english_v2.0.0/wave16k/16_jorge_0_111_111.wav,50.0
ExpressiveWholeBodyDatasetReleaseV1.0/beat_english_v2.0.0/wave16k/16_jorge_0_81_81.wav,50.0
ExpressiveWholeBodyDatasetReleaseV1.0/beat_english_v2.0.0/wave16k/21_ayana_0_110_110.wav,50.0
ExpressiveWholeBodyDatasetReleaseV1.0/beat_english_v2.0.0/wave16k/21_ayana_0_56_56.wav,50.0
ExpressiveWholeBodyDatasetReleaseV1.0/beat_english_v2.0.0/wave16k/21_ayana_0_92_92.wav,50.0
ExpressiveWholeBodyDatasetReleaseV1.0/beat_english_v2.0.0/wave16k/3_solomon_0_84_84.wav,50.0
ExpressiveWholeBodyDatasetReleaseV1.0/beat_english_v2.0.0/wave16k/3_solomon_0_92_92.wav,50.0
ExpressiveWholeBodyDatasetReleaseV1.0/beat_english_v2.0.0/wave16k/3_solomon_0_98_98.wav,50.0
ExpressiveWholeBodyDatasetReleaseV1.0/beat_english_v2.0.0/wave16k/4_lawrence_0_117_117.wav,50.0
ExpressiveWholeBodyDatasetReleaseV1.0/beat_english_v2.0.0/wave16k/4_lawrence_0_23_23.wav,50.0
ExpressiveWholeBodyDatasetReleaseV1.0/beat_english_v2.0.0/wave16k/4_lawrence_0_54_54.wav,50.0
ExpressiveWholeBodyDatasetReleaseV1.0/beat_english_v2.0.0/wave16k/5_stewart_0_65_65.wav,50.0
ExpressiveWholeBodyDatasetReleaseV1.0/beat_english_v2.0.0/wave16k/5_stewart_0_73_73.wav,50.0
ExpressiveWholeBodyDatasetReleaseV1.0/beat_english_v2.0.0/wave16k/6_carla_0_68_68.wav,50.0
ExpressiveWholeBodyDatasetReleaseV1.0/beat_english_v2.0.0/wave16k/6_carla_0_86_86.wav,50.0
ExpressiveWholeBodyDatasetReleaseV1.0/beat_english_v2.0.0/wave16k/7_sophie_0_65_65.wav,50.0
ExpressiveWholeBodyDatasetReleaseV1.0/beat_english_v2.0.0/wave16k/15_carlos_0_7_7.wav,49.3493125
ExpressiveWholeBodyDatasetReleaseV1.0/beat_english_v2.0.0/wave16k/13_lu_0_65_65.wav,49.0
ExpressiveWholeBodyDatasetReleaseV1.0/beat_english_v2.0.0/wave16k/1_wayne_0_42_42.wav,49.0
ExpressiveWholeBodyDatasetReleaseV1.0/beat_english_v2.0.0/wave16k/1_wayne_0_96_96.wav,49.0
ExpressiveWholeBodyDatasetReleaseV1.0/beat_english_v2.0.0/wave16k/21_ayana_0_48_48.wav,49.0
ExpressiveWholeBodyDatasetReleaseV1.0/beat_english_v2.0.0/wave16k/21_ayana_0_78_78.wav,49.0
ExpressiveWholeBodyDatasetReleaseV1.0/beat_english_v2.0.0/wave16k/21_ayana_0_98_98.wav,49.0
ExpressiveWholeBodyDatasetReleaseV1.0/beat_english_v2.0.0/wave16k/2_scott_0_56_56.wav,49.0
ExpressiveWholeBodyDatasetReleaseV1.0/beat_english_v2.0.0/wave16k/2_scott_0_93_93.wav,49.0
ExpressiveWholeBodyDatasetReleaseV1.0/beat_english_v2.0.0/wave16k/2_scott_0_95_95.wav,49.0
ExpressiveWholeBodyDatasetReleaseV1.0/beat_english_v2.0.0/wave16k/3_solomon_0_107_107.wav,49.0
ExpressiveWholeBodyDatasetReleaseV1.0/beat_english_v2.0.0/wave16k/3_solomon_0_83_83.wav,49.0
ExpressiveWholeBodyDatasetReleaseV1.0/beat_english_v2.0.0/wave16k/5_stewart_0_96_96.wav,49.0
ExpressiveWholeBodyDatasetReleaseV1.0/beat_english_v2.0.0/wave16k/6_carla_0_74_74.wav,49.0
ExpressiveWholeBodyDatasetReleaseV1.0/beat_english_v2.0.0/wave16k/6_carla_0_99_99.wav,49.0
ExpressiveWholeBodyDatasetReleaseV1.0/beat_english_v2.0.0/wave16k/7_sophie_0_57_57.wav,49.0
ExpressiveWholeBodyDatasetReleaseV1.0/beat_english_v2.0.0/wave16k/7_sophie_0_68_68.wav,49.0
ExpressiveWholeBodyDatasetReleaseV1.0/beat_english_v2.0.0/wave16k/7_sophie_0_9_9.wav,49.0
ExpressiveWholeBodyDatasetReleaseV1.0/beat_english_v2.0.0/wave16k/9_miranda_0_79_79.wav,49.0
ExpressiveWholeBodyDatasetReleaseV1.0/beat_english_v2.0.0/wave16k/9_miranda_0_95_95.wav,49.0
ExpressiveWholeBodyDatasetReleaseV1.0/beat_english_v2.0.0/wave16k/1_wayne_0_109_109.wav,48.0
ExpressiveWholeBodyDatasetReleaseV1.0/beat_english_v2.0.0/wave16k/1_wayne_0_97_97.wav,48.0
ExpressiveWholeBodyDatasetReleaseV1.0/beat_english_v2.0.0/wave16k/21_ayana_0_105_105.wav,48.0
ExpressiveWholeBodyDatasetReleaseV1.0/beat_english_v2.0.0/wave16k/21_ayana_0_96_96.wav,48.0
ExpressiveWholeBodyDatasetReleaseV1.0/beat_english_v2.0.0/wave16k/2_scott_0_11_11.wav,48.0
ExpressiveWholeBodyDatasetReleaseV1.0/beat_english_v2.0.0/wave16k/2_scott_0_54_54.wav,48.0
ExpressiveWholeBodyDatasetReleaseV1.0/beat_english_v2.0.0/wave16k/3_solomon_0_109_109.wav,48.0
ExpressiveWholeBodyDatasetReleaseV1.0/beat_english_v2.0.0/wave16k/3_solomon_0_71_71.wav,48.0
ExpressiveWholeBodyDatasetReleaseV1.0/beat_english_v2.0.0/wave16k/3_solomon_0_94_94.wav,48.0
ExpressiveWholeBodyDatasetReleaseV1.0/beat_english_v2.0.0/wave16k/5_stewart_0_95_95.wav,48.0
ExpressiveWholeBodyDatasetReleaseV1.0/beat_english_v2.0.0/wave16k/6_carla_0_63_63.wav,48.0
ExpressiveWholeBodyDatasetReleaseV1.0/beat_english_v2.0.0/wave16k/6_carla_0_72_72.wav,48.0
ExpressiveWholeBodyDatasetReleaseV1.0/beat_english_v2.0.0/wave16k/6_carla_0_95_95.wav,48.0
ExpressiveWholeBodyDatasetReleaseV1.0/beat_english_v2.0.0/wave16k/7_sophie_0_63_63.wav,48.0
ExpressiveWholeBodyDatasetReleaseV1.0/beat_english_v2.0.0/wave16k/7_sophie_0_94_94.wav,48.0
ExpressiveWholeBodyDatasetReleaseV1.0/beat_english_v2.0.0/wave16k/9_miranda_0_71_71.wav,48.0
ExpressiveWholeBodyDatasetReleaseV1.0/beat_english_v2.0.0/wave16k/9_miranda_0_98_98.wav,48.0
ExpressiveWholeBodyDatasetReleaseV1.0/beat_english_v2.0.0/wave16k/10_kieks_0_96_96.wav,47.0
ExpressiveWholeBodyDatasetReleaseV1.0/beat_english_v2.0.0/wave16k/1_wayne_0_118_118.wav,47.0
ExpressiveWholeBodyDatasetReleaseV1.0/beat_english_v2.0.0/wave16k/1_wayne_0_59_59.wav,47.0
ExpressiveWholeBodyDatasetReleaseV1.0/beat_english_v2.0.0/wave16k/1_wayne_0_71_71.wav,47.0
ExpressiveWholeBodyDatasetReleaseV1.0/beat_english_v2.0.0/wave16k/1_wayne_0_83_83.wav,47.0
ExpressiveWholeBodyDatasetReleaseV1.0/beat_english_v2.0.0/wave16k/21_ayana_0_117_117.wav,47.0
ExpressiveWholeBodyDatasetReleaseV1.0/beat_english_v2.0.0/wave16k/21_ayana_0_41_41.wav,47.0
ExpressiveWholeBodyDatasetReleaseV1.0/beat_english_v2.0.0/wave16k/21_ayana_0_60_60.wav,47.0
ExpressiveWholeBodyDatasetReleaseV1.0/beat_english_v2.0.0/wave16k/21_ayana_0_67_67.wav,47.0
ExpressiveWholeBodyDatasetReleaseV1.0/beat_english_v2.0.0/wave16k/21_ayana_0_76_76.wav,47.0
ExpressiveWholeBodyDatasetReleaseV1.0/beat_english_v2.0.0/wave16k/2_scott_0_108_108.wav,47.0
ExpressiveWholeBodyDatasetReleaseV1.0/beat_english_v2.0.0/wave16k/2_scott_0_99_99.wav,47.0
ExpressiveWholeBodyDatasetReleaseV1.0/beat_english_v2.0.0/wave16k/3_solomon_0_52_52.wav,47.0
ExpressiveWholeBodyDatasetReleaseV1.0/beat_english_v2.0.0/wave16k/4_lawrence_0_45_45.wav,47.0
ExpressiveWholeBodyDatasetReleaseV1.0/beat_english_v2.0.0/wave16k/4_lawrence_0_56_56.wav,47.0
ExpressiveWholeBodyDatasetReleaseV1.0/beat_english_v2.0.0/wave16k/4_lawrence_0_58_58.wav,47.0
ExpressiveWholeBodyDatasetReleaseV1.0/beat_english_v2.0.0/wave16k/4_lawrence_0_78_78.wav,47.0
ExpressiveWholeBodyDatasetReleaseV1.0/beat_english_v2.0.0/wave16k/6_carla_0_54_54.wav,47.0
ExpressiveWholeBodyDatasetReleaseV1.0/beat_english_v2.0.0/wave16k/6_carla_0_65_65.wav,47.0
ExpressiveWholeBodyDatasetReleaseV1.0/beat_english_v2.0.0/wave16k/6_carla_0_70_70.wav,47.0
ExpressiveWholeBodyDatasetReleaseV1.0/beat_english_v2.0.0/wave16k/6_carla_0_97_97.wav,47.0
ExpressiveWholeBodyDatasetReleaseV1.0/beat_english_v2.0.0/wave16k/7_sophie_0_42_42.wav,47.0
ExpressiveWholeBodyDatasetReleaseV1.0/beat_english_v2.0.0/wave16k/7_sophie_0_54_54.wav,47.0
ExpressiveWholeBodyDatasetReleaseV1.0/beat_english_v2.0.0/wave16k/7_sophie_0_78_78.wav,47.0
ExpressiveWholeBodyDatasetReleaseV1.0/beat_english_v2.0.0/wave16k/7_sophie_0_95_95.wav,47.0
ExpressiveWholeBodyDatasetReleaseV1.0/beat_english_v2.0.0/wave16k/7_sophie_0_97_97.wav,47.0
ExpressiveWholeBodyDatasetReleaseV1.0/beat_english_v2.0.0/wave16k/7_sophie_0_98_98.wav,47.0
ExpressiveWholeBodyDatasetReleaseV1.0/beat_english_v2.0.0/wave16k/9_miranda_0_60_60.wav,47.0
ExpressiveWholeBodyDatasetReleaseV1.0/beat_english_v2.0.0/wave16k/9_miranda_0_65_65.wav,47.0
ExpressiveWholeBodyDatasetReleaseV1.0/beat_english_v2.0.0/wave16k/11_nidal_0_75_75.wav,46.0
ExpressiveWholeBodyDatasetReleaseV1.0/beat_english_v2.0.0/wave16k/16_jorge_0_112_112.wav,46.0
ExpressiveWholeBodyDatasetReleaseV1.0/beat_english_v2.0.0/wave16k/16_jorge_0_9_9.wav,46.0
ExpressiveWholeBodyDatasetReleaseV1.0/beat_english_v2.0.0/wave16k/1_wayne_0_105_105.wav,46.0
ExpressiveWholeBodyDatasetReleaseV1.0/beat_english_v2.0.0/wave16k/1_wayne_0_106_106.wav,46.0
ExpressiveWholeBodyDatasetReleaseV1.0/beat_english_v2.0.0/wave16k/1_wayne_0_73_73.wav,46.0
ExpressiveWholeBodyDatasetReleaseV1.0/beat_english_v2.0.0/wave16k/1_wayne_0_78_78.wav,46.0
ExpressiveWholeBodyDatasetReleaseV1.0/beat_english_v2.0.0/wave16k/21_ayana_0_107_107.wav,46.0
ExpressiveWholeBodyDatasetReleaseV1.0/beat_english_v2.0.0/wave16k/21_ayana_0_42_42.wav,46.0
ExpressiveWholeBodyDatasetReleaseV1.0/beat_english_v2.0.0/wave16k/21_ayana_0_71_71.wav,46.0
ExpressiveWholeBodyDatasetReleaseV1.0/beat_english_v2.0.0/wave16k/2_scott_0_60_60.wav,46.0
ExpressiveWholeBodyDatasetReleaseV1.0/beat_english_v2.0.0/wave16k/2_scott_0_67_67.wav,46.0
ExpressiveWholeBodyDatasetReleaseV1.0/beat_english_v2.0.0/wave16k/2_scott_0_71_71.wav,46.0
ExpressiveWholeBodyDatasetReleaseV1.0/beat_english_v2.0.0/wave16k/4_lawrence_0_71_71.wav,46.0
ExpressiveWholeBodyDatasetReleaseV1.0/beat_english_v2.0.0/wave16k/4_lawrence_0_73_73.wav,46.0
ExpressiveWholeBodyDatasetReleaseV1.0/beat_english_v2.0.0/wave16k/6_carla_0_108_108.wav,46.0
ExpressiveWholeBodyDatasetReleaseV1.0/beat_english_v2.0.0/wave16k/6_carla_0_57_57.wav,46.0
ExpressiveWholeBodyDatasetReleaseV1.0/beat_english_v2.0.0/wave16k/7_sophie_0_77_77.wav,46.0
ExpressiveWholeBodyDatasetReleaseV1.0/beat_english_v2.0.0/wave16k/7_sophie_0_84_84.wav,46.0
ExpressiveWholeBodyDatasetReleaseV1.0/beat_english_v2.0.0/wave16k/7_sophie_0_92_92.wav,46.0
ExpressiveWholeBodyDatasetReleaseV1.0/beat_english_v2.0.0/wave16k/9_miranda_0_48_48.wav,46.0
ExpressiveWholeBodyDatasetReleaseV1.0/beat_english_v2.0.0/wave16k/9_miranda_0_63_63.wav,46.0
ExpressiveWholeBodyDatasetReleaseV1.0/beat_english_v2.0.0/wave16k/9_miranda_0_78_78.wav,46.0
ExpressiveWholeBodyDatasetReleaseV1.0/beat_english_v2.0.0/wave16k/9_miranda_0_97_97.wav,46.0
ExpressiveWholeBodyDatasetReleaseV1.0/beat_english_v2.0.0/wave16k/15_carlos_0_8_8.wav,45.9125
ExpressiveWholeBodyDatasetReleaseV1.0/beat_english_v2.0.0/wave16k/11_nidal_0_58_58.wav,45.0
ExpressiveWholeBodyDatasetReleaseV1.0/beat_english_v2.0.0/wave16k/13_lu_0_73_73.wav,45.0
ExpressiveWholeBodyDatasetReleaseV1.0/beat_english_v2.0.0/wave16k/16_jorge_0_65_65.wav,45.0
ExpressiveWholeBodyDatasetReleaseV1.0/beat_english_v2.0.0/wave16k/16_jorge_0_95_95.wav,45.0
ExpressiveWholeBodyDatasetReleaseV1.0/beat_english_v2.0.0/wave16k/1_wayne_0_110_110.wav,45.0
ExpressiveWholeBodyDatasetReleaseV1.0/beat_english_v2.0.0/wave16k/1_wayne_0_76_76.wav,45.0
ExpressiveWholeBodyDatasetReleaseV1.0/beat_english_v2.0.0/wave16k/1_wayne_0_98_98.wav,45.0
ExpressiveWholeBodyDatasetReleaseV1.0/beat_english_v2.0.0/wave16k/21_ayana_0_113_113.wav,45.0
ExpressiveWholeBodyDatasetReleaseV1.0/beat_english_v2.0.0/wave16k/21_ayana_0_36_36.wav,45.0
ExpressiveWholeBodyDatasetReleaseV1.0/beat_english_v2.0.0/wave16k/2_scott_0_52_52.wav,45.0
ExpressiveWholeBodyDatasetReleaseV1.0/beat_english_v2.0.0/wave16k/2_scott_0_91_91.wav,45.0
ExpressiveWholeBodyDatasetReleaseV1.0/beat_english_v2.0.0/wave16k/3_solomon_0_118_118.wav,45.0
ExpressiveWholeBodyDatasetReleaseV1.0/beat_english_v2.0.0/wave16k/3_solomon_0_45_45.wav,45.0
ExpressiveWholeBodyDatasetReleaseV1.0/beat_english_v2.0.0/wave16k/4_lawrence_0_76_76.wav,45.0
ExpressiveWholeBodyDatasetReleaseV1.0/beat_english_v2.0.0/wave16k/6_carla_0_59_59.wav,45.0
ExpressiveWholeBodyDatasetReleaseV1.0/beat_english_v2.0.0/wave16k/7_sophie_0_110_110.wav,45.0
ExpressiveWholeBodyDatasetReleaseV1.0/beat_english_v2.0.0/wave16k/7_sophie_0_76_76.wav,45.0
ExpressiveWholeBodyDatasetReleaseV1.0/beat_english_v2.0.0/wave16k/7_sophie_0_91_91.wav,45.0
ExpressiveWholeBodyDatasetReleaseV1.0/beat_english_v2.0.0/wave16k/9_miranda_0_57_57.wav,45.0
ExpressiveWholeBodyDatasetReleaseV1.0/beat_english_v2.0.0/wave16k/9_miranda_0_76_76.wav,45.0
ExpressiveWholeBodyDatasetReleaseV1.0/beat_english_v2.0.0/wave16k/9_miranda_0_91_91.wav,45.0
ExpressiveWholeBodyDatasetReleaseV1.0/beat_english_v2.0.0/wave16k/15_carlos_0_10_10.wav,44.47775
ExpressiveWholeBodyDatasetReleaseV1.0/beat_english_v2.0.0/wave16k/1_wayne_0_107_107.wav,44.0
ExpressiveWholeBodyDatasetReleaseV1.0/beat_english_v2.0.0/wave16k/1_wayne_0_56_56.wav,44.0
ExpressiveWholeBodyDatasetReleaseV1.0/beat_english_v2.0.0/wave16k/21_ayana_0_52_52.wav,44.0
ExpressiveWholeBodyDatasetReleaseV1.0/beat_english_v2.0.0/wave16k/21_ayana_0_77_77.wav,44.0
ExpressiveWholeBodyDatasetReleaseV1.0/beat_english_v2.0.0/wave16k/21_ayana_0_83_83.wav,44.0
ExpressiveWholeBodyDatasetReleaseV1.0/beat_english_v2.0.0/wave16k/2_scott_0_105_105.wav,44.0
ExpressiveWholeBodyDatasetReleaseV1.0/beat_english_v2.0.0/wave16k/2_scott_0_109_109.wav,44.0
ExpressiveWholeBodyDatasetReleaseV1.0/beat_english_v2.0.0/wave16k/2_scott_0_36_36.wav,44.0
ExpressiveWholeBodyDatasetReleaseV1.0/beat_english_v2.0.0/wave16k/2_scott_0_45_45.wav,44.0
ExpressiveWholeBodyDatasetReleaseV1.0/beat_english_v2.0.0/wave16k/2_scott_0_97_97.wav,44.0
ExpressiveWholeBodyDatasetReleaseV1.0/beat_english_v2.0.0/wave16k/4_lawrence_0_49_49.wav,44.0
ExpressiveWholeBodyDatasetReleaseV1.0/beat_english_v2.0.0/wave16k/4_lawrence_0_67_67.wav,44.0
ExpressiveWholeBodyDatasetReleaseV1.0/beat_english_v2.0.0/wave16k/6_carla_0_60_60.wav,44.0
ExpressiveWholeBodyDatasetReleaseV1.0/beat_english_v2.0.0/wave16k/6_carla_0_78_78.wav,44.0
ExpressiveWholeBodyDatasetReleaseV1.0/beat_english_v2.0.0/wave16k/6_carla_0_91_91.wav,44.0
ExpressiveWholeBodyDatasetReleaseV1.0/beat_english_v2.0.0/wave16k/6_carla_0_96_96.wav,44.0
ExpressiveWholeBodyDatasetReleaseV1.0/beat_english_v2.0.0/wave16k/7_sophie_0_106_106.wav,44.0
ExpressiveWholeBodyDatasetReleaseV1.0/beat_english_v2.0.0/wave16k/7_sophie_0_48_48.wav,44.0
ExpressiveWholeBodyDatasetReleaseV1.0/beat_english_v2.0.0/wave16k/7_sophie_0_73_73.wav,44.0
ExpressiveWholeBodyDatasetReleaseV1.0/beat_english_v2.0.0/wave16k/9_miranda_0_106_106.wav,44.0
ExpressiveWholeBodyDatasetReleaseV1.0/beat_english_v2.0.0/wave16k/9_miranda_0_109_109.wav,44.0
ExpressiveWholeBodyDatasetReleaseV1.0/beat_english_v2.0.0/wave16k/9_miranda_0_118_118.wav,44.0
ExpressiveWholeBodyDatasetReleaseV1.0/beat_english_v2.0.0/wave16k/9_miranda_0_94_94.wav,44.0
ExpressiveWholeBodyDatasetReleaseV1.0/beat_english_v2.0.0/wave16k/15_carlos_0_4_4.wav,43.8771875
ExpressiveWholeBodyDatasetReleaseV1.0/beat_english_v2.0.0/wave16k/15_carlos_0_11_11.wav,43.3433125
ExpressiveWholeBodyDatasetReleaseV1.0/beat_english_v2.0.0/wave16k/1_wayne_0_51_51.wav,43.0
ExpressiveWholeBodyDatasetReleaseV1.0/beat_english_v2.0.0/wave16k/1_wayne_0_77_77.wav,43.0
ExpressiveWholeBodyDatasetReleaseV1.0/beat_english_v2.0.0/wave16k/21_ayana_0_45_45.wav,43.0
ExpressiveWholeBodyDatasetReleaseV1.0/beat_english_v2.0.0/wave16k/21_ayana_0_59_59.wav,43.0
ExpressiveWholeBodyDatasetReleaseV1.0/beat_english_v2.0.0/wave16k/2_scott_0_98_98.wav,43.0
ExpressiveWholeBodyDatasetReleaseV1.0/beat_english_v2.0.0/wave16k/3_solomon_0_55_55.wav,43.0
ExpressiveWholeBodyDatasetReleaseV1.0/beat_english_v2.0.0/wave16k/6_carla_0_110_110.wav,43.0
ExpressiveWholeBodyDatasetReleaseV1.0/beat_english_v2.0.0/wave16k/6_carla_0_76_76.wav,43.0
ExpressiveWholeBodyDatasetReleaseV1.0/beat_english_v2.0.0/wave16k/6_carla_0_84_84.wav,43.0
ExpressiveWholeBodyDatasetReleaseV1.0/beat_english_v2.0.0/wave16k/7_sophie_0_105_105.wav,43.0
ExpressiveWholeBodyDatasetReleaseV1.0/beat_english_v2.0.0/wave16k/7_sophie_0_41_41.wav,43.0
ExpressiveWholeBodyDatasetReleaseV1.0/beat_english_v2.0.0/wave16k/7_sophie_0_60_60.wav,43.0
ExpressiveWholeBodyDatasetReleaseV1.0/beat_english_v2.0.0/wave16k/7_sophie_0_83_83.wav,43.0
ExpressiveWholeBodyDatasetReleaseV1.0/beat_english_v2.0.0/wave16k/7_sophie_0_96_96.wav,43.0
ExpressiveWholeBodyDatasetReleaseV1.0/beat_english_v2.0.0/wave16k/9_miranda_0_110_110.wav,43.0
ExpressiveWholeBodyDatasetReleaseV1.0/beat_english_v2.0.0/wave16k/9_miranda_0_36_36.wav,43.0
ExpressiveWholeBodyDatasetReleaseV1.0/beat_english_v2.0.0/wave16k/9_miranda_0_41_41.wav,43.0
ExpressiveWholeBodyDatasetReleaseV1.0/beat_english_v2.0.0/wave16k/9_miranda_0_73_73.wav,43.0
ExpressiveWholeBodyDatasetReleaseV1.0/beat_english_v2.0.0/wave16k/11_nidal_0_55_55.wav,42.0
ExpressiveWholeBodyDatasetReleaseV1.0/beat_english_v2.0.0/wave16k/1_wayne_0_52_52.wav,42.0
ExpressiveWholeBodyDatasetReleaseV1.0/beat_english_v2.0.0/wave16k/3_solomon_0_49_49.wav,42.0
ExpressiveWholeBodyDatasetReleaseV1.0/beat_english_v2.0.0/wave16k/3_solomon_0_53_53.wav,42.0
ExpressiveWholeBodyDatasetReleaseV1.0/beat_english_v2.0.0/wave16k/3_solomon_0_58_58.wav,42.0
ExpressiveWholeBodyDatasetReleaseV1.0/beat_english_v2.0.0/wave16k/4_lawrence_0_77_77.wav,42.0
ExpressiveWholeBodyDatasetReleaseV1.0/beat_english_v2.0.0/wave16k/6_carla_0_109_109.wav,42.0
ExpressiveWholeBodyDatasetReleaseV1.0/beat_english_v2.0.0/wave16k/6_carla_0_73_73.wav,42.0
ExpressiveWholeBodyDatasetReleaseV1.0/beat_english_v2.0.0/wave16k/6_carla_0_94_94.wav,42.0
ExpressiveWholeBodyDatasetReleaseV1.0/beat_english_v2.0.0/wave16k/7_sophie_0_45_45.wav,42.0
ExpressiveWholeBodyDatasetReleaseV1.0/beat_english_v2.0.0/wave16k/7_sophie_0_59_59.wav,42.0
ExpressiveWholeBodyDatasetReleaseV1.0/beat_english_v2.0.0/wave16k/7_sophie_0_71_71.wav,42.0
ExpressiveWholeBodyDatasetReleaseV1.0/beat_english_v2.0.0/wave16k/9_miranda_0_67_67.wav,42.0
ExpressiveWholeBodyDatasetReleaseV1.0/beat_english_v2.0.0/wave16k/9_miranda_0_84_84.wav,42.0
ExpressiveWholeBodyDatasetReleaseV1.0/beat_english_v2.0.0/wave16k/9_miranda_0_96_96.wav,42.0
ExpressiveWholeBodyDatasetReleaseV1.0/beat_english_v2.0.0/wave16k/16_jorge_0_74_74.wav,41.0
ExpressiveWholeBodyDatasetReleaseV1.0/beat_english_v2.0.0/wave16k/1_wayne_0_113_113.wav,41.0
ExpressiveWholeBodyDatasetReleaseV1.0/beat_english_v2.0.0/wave16k/1_wayne_0_117_117.wav,41.0
ExpressiveWholeBodyDatasetReleaseV1.0/beat_english_v2.0.0/wave16k/1_wayne_0_45_45.wav,41.0
ExpressiveWholeBodyDatasetReleaseV1.0/beat_english_v2.0.0/wave16k/1_wayne_0_54_54.wav,41.0
ExpressiveWholeBodyDatasetReleaseV1.0/beat_english_v2.0.0/wave16k/21_ayana_0_51_51.wav,41.0
ExpressiveWholeBodyDatasetReleaseV1.0/beat_english_v2.0.0/wave16k/21_ayana_0_54_54.wav,41.0
ExpressiveWholeBodyDatasetReleaseV1.0/beat_english_v2.0.0/wave16k/2_scott_0_107_107.wav,41.0
ExpressiveWholeBodyDatasetReleaseV1.0/beat_english_v2.0.0/wave16k/2_scott_0_118_118.wav,41.0
ExpressiveWholeBodyDatasetReleaseV1.0/beat_english_v2.0.0/wave16k/2_scott_0_96_96.wav,41.0
ExpressiveWholeBodyDatasetReleaseV1.0/beat_english_v2.0.0/wave16k/3_solomon_0_113_113.wav,41.0
ExpressiveWholeBodyDatasetReleaseV1.0/beat_english_v2.0.0/wave16k/3_solomon_0_117_117.wav,41.0
ExpressiveWholeBodyDatasetReleaseV1.0/beat_english_v2.0.0/wave16k/6_carla_0_105_105.wav,41.0
ExpressiveWholeBodyDatasetReleaseV1.0/beat_english_v2.0.0/wave16k/6_carla_0_106_106.wav,41.0
ExpressiveWholeBodyDatasetReleaseV1.0/beat_english_v2.0.0/wave16k/6_carla_0_98_98.wav,41.0
ExpressiveWholeBodyDatasetReleaseV1.0/beat_english_v2.0.0/wave16k/7_sophie_0_113_113.wav,41.0
ExpressiveWholeBodyDatasetReleaseV1.0/beat_english_v2.0.0/wave16k/7_sophie_0_56_56.wav,41.0
ExpressiveWholeBodyDatasetReleaseV1.0/beat_english_v2.0.0/wave16k/7_sophie_0_67_67.wav,41.0
ExpressiveWholeBodyDatasetReleaseV1.0/beat_english_v2.0.0/wave16k/9_miranda_0_51_51.wav,41.0
ExpressiveWholeBodyDatasetReleaseV1.0/beat_english_v2.0.0/wave16k/9_miranda_0_77_77.wav,41.0
ExpressiveWholeBodyDatasetReleaseV1.0/beat_english_v2.0.0/wave16k/16_jorge_0_73_73.wav,40.0
ExpressiveWholeBodyDatasetReleaseV1.0/beat_english_v2.0.0/wave16k/16_jorge_0_96_96.wav,40.0
ExpressiveWholeBodyDatasetReleaseV1.0/beat_english_v2.0.0/wave16k/2_scott_0_51_51.wav,40.0
ExpressiveWholeBodyDatasetReleaseV1.0/beat_english_v2.0.0/wave16k/6_carla_0_52_52.wav,40.0
ExpressiveWholeBodyDatasetReleaseV1.0/beat_english_v2.0.0/wave16k/7_sophie_0_117_117.wav,40.0
ExpressiveWholeBodyDatasetReleaseV1.0/beat_english_v2.0.0/wave16k/7_sophie_0_52_52.wav,40.0
ExpressiveWholeBodyDatasetReleaseV1.0/beat_english_v2.0.0/wave16k/9_miranda_0_117_117.wav,40.0
ExpressiveWholeBodyDatasetReleaseV1.0/beat_english_v2.0.0/wave16k/9_miranda_0_42_42.wav,40.0
ExpressiveWholeBodyDatasetReleaseV1.0/beat_english_v2.0.0/wave16k/9_miranda_0_54_54.wav,40.0
ExpressiveWholeBodyDatasetReleaseV1.0/beat_english_v2.0.0/wave16k/9_miranda_0_92_92.wav,40.0
ExpressiveWholeBodyDatasetReleaseV1.0/beat_english_v2.0.0/wave16k/2_scott_0_41_41.wav,39.0
ExpressiveWholeBodyDatasetReleaseV1.0/beat_english_v2.0.0/wave16k/2_scott_0_42_42.wav,39.0
ExpressiveWholeBodyDatasetReleaseV1.0/beat_english_v2.0.0/wave16k/2_scott_0_92_92.wav,39.0
ExpressiveWholeBodyDatasetReleaseV1.0/beat_english_v2.0.0/wave16k/2_scott_0_94_94.wav,39.0
ExpressiveWholeBodyDatasetReleaseV1.0/beat_english_v2.0.0/wave16k/4_lawrence_0_55_55.wav,39.0
ExpressiveWholeBodyDatasetReleaseV1.0/beat_english_v2.0.0/wave16k/6_carla_0_118_118.wav,39.0
ExpressiveWholeBodyDatasetReleaseV1.0/beat_english_v2.0.0/wave16k/6_carla_0_67_67.wav,39.0
ExpressiveWholeBodyDatasetReleaseV1.0/beat_english_v2.0.0/wave16k/7_sophie_0_107_107.wav,39.0
ExpressiveWholeBodyDatasetReleaseV1.0/beat_english_v2.0.0/wave16k/9_miranda_0_107_107.wav,39.0
ExpressiveWholeBodyDatasetReleaseV1.0/beat_english_v2.0.0/wave16k/9_miranda_0_52_52.wav,39.0
ExpressiveWholeBodyDatasetReleaseV1.0/beat_english_v2.0.0/wave16k/9_miranda_0_59_59.wav,39.0
ExpressiveWholeBodyDatasetReleaseV1.0/beat_english_v2.0.0/wave16k/1_wayne_0_53_53.wav,38.0
ExpressiveWholeBodyDatasetReleaseV1.0/beat_english_v2.0.0/wave16k/21_ayana_0_58_58.wav,38.0
ExpressiveWholeBodyDatasetReleaseV1.0/beat_english_v2.0.0/wave16k/4_lawrence_0_53_53.wav,38.0
ExpressiveWholeBodyDatasetReleaseV1.0/beat_english_v2.0.0/wave16k/6_carla_0_107_107.wav,38.0
ExpressiveWholeBodyDatasetReleaseV1.0/beat_english_v2.0.0/wave16k/6_carla_0_113_113.wav,38.0
ExpressiveWholeBodyDatasetReleaseV1.0/beat_english_v2.0.0/wave16k/6_carla_0_51_51.wav,38.0
ExpressiveWholeBodyDatasetReleaseV1.0/beat_english_v2.0.0/wave16k/6_carla_0_56_56.wav,38.0
ExpressiveWholeBodyDatasetReleaseV1.0/beat_english_v2.0.0/wave16k/7_sophie_0_51_51.wav,38.0
ExpressiveWholeBodyDatasetReleaseV1.0/beat_english_v2.0.0/wave16k/9_miranda_0_45_45.wav,38.0
ExpressiveWholeBodyDatasetReleaseV1.0/beat_english_v2.0.0/wave16k/9_miranda_0_83_83.wav,38.0
ExpressiveWholeBodyDatasetReleaseV1.0/beat_english_v2.0.0/wave16k/21_ayana_0_32_32.wav,37.0
ExpressiveWholeBodyDatasetReleaseV1.0/beat_english_v2.0.0/wave16k/6_carla_0_77_77.wav,37.0
ExpressiveWholeBodyDatasetReleaseV1.0/beat_english_v2.0.0/wave16k/6_carla_0_83_83.wav,37.0
ExpressiveWholeBodyDatasetReleaseV1.0/beat_english_v2.0.0/wave16k/6_carla_0_92_92.wav,37.0
ExpressiveWholeBodyDatasetReleaseV1.0/beat_english_v2.0.0/wave16k/9_miranda_0_56_56.wav,37.0
ExpressiveWholeBodyDatasetReleaseV1.0/beat_english_v2.0.0/wave16k/1_wayne_0_49_49.wav,36.0
ExpressiveWholeBodyDatasetReleaseV1.0/beat_english_v2.0.0/wave16k/1_wayne_0_58_58.wav,36.0
ExpressiveWholeBodyDatasetReleaseV1.0/beat_english_v2.0.0/wave16k/21_ayana_0_53_53.wav,36.0
ExpressiveWholeBodyDatasetReleaseV1.0/beat_english_v2.0.0/wave16k/2_scott_0_117_117.wav,36.0
ExpressiveWholeBodyDatasetReleaseV1.0/beat_english_v2.0.0/wave16k/2_scott_0_49_49.wav,36.0
ExpressiveWholeBodyDatasetReleaseV1.0/beat_english_v2.0.0/wave16k/6_carla_0_71_71.wav,36.0
ExpressiveWholeBodyDatasetReleaseV1.0/beat_english_v2.0.0/wave16k/1_wayne_0_93_93.wav,35.0
ExpressiveWholeBodyDatasetReleaseV1.0/beat_english_v2.0.0/wave16k/21_ayana_0_49_49.wav,35.0
ExpressiveWholeBodyDatasetReleaseV1.0/beat_english_v2.0.0/wave16k/2_scott_0_113_113.wav,35.0
ExpressiveWholeBodyDatasetReleaseV1.0/beat_english_v2.0.0/wave16k/3_solomon_0_75_75.wav,35.0
ExpressiveWholeBodyDatasetReleaseV1.0/beat_english_v2.0.0/wave16k/7_sophie_0_49_49.wav,35.0
ExpressiveWholeBodyDatasetReleaseV1.0/beat_english_v2.0.0/wave16k/7_sophie_0_58_58.wav,35.0
ExpressiveWholeBodyDatasetReleaseV1.0/beat_english_v2.0.0/wave16k/9_miranda_0_113_113.wav,35.0
ExpressiveWholeBodyDatasetReleaseV1.0/beat_english_v2.0.0/wave16k/2_scott_0_78_78.wav,34.0
ExpressiveWholeBodyDatasetReleaseV1.0/beat_english_v2.0.0/wave16k/2_scott_0_79_79.wav,34.0
ExpressiveWholeBodyDatasetReleaseV1.0/beat_english_v2.0.0/wave16k/1_wayne_0_55_55.wav,33.0
ExpressiveWholeBodyDatasetReleaseV1.0/beat_english_v2.0.0/wave16k/6_carla_0_117_117.wav,33.0
ExpressiveWholeBodyDatasetReleaseV1.0/beat_english_v2.0.0/wave16k/7_sophie_0_53_53.wav,33.0
ExpressiveWholeBodyDatasetReleaseV1.0/beat_english_v2.0.0/wave16k/21_ayana_0_55_55.wav,32.0
ExpressiveWholeBodyDatasetReleaseV1.0/beat_english_v2.0.0/wave16k/6_carla_0_49_49.wav,32.0
ExpressiveWholeBodyDatasetReleaseV1.0/beat_english_v2.0.0/wave16k/6_carla_0_53_53.wav,32.0
ExpressiveWholeBodyDatasetReleaseV1.0/beat_english_v2.0.0/wave16k/6_carla_0_58_58.wav,32.0
ExpressiveWholeBodyDatasetReleaseV1.0/beat_english_v2.0.0/wave16k/9_miranda_0_49_49.wav,32.0
ExpressiveWholeBodyDatasetReleaseV1.0/beat_english_v2.0.0/wave16k/9_miranda_0_55_55.wav,32.0
ExpressiveWholeBodyDatasetReleaseV1.0/beat_english_v2.0.0/wave16k/21_ayana_0_75_75.wav,31.0
ExpressiveWholeBodyDatasetReleaseV1.0/beat_english_v2.0.0/wave16k/2_scott_0_53_53.wav,31.0
ExpressiveWholeBodyDatasetReleaseV1.0/beat_english_v2.0.0/wave16k/2_scott_0_55_55.wav,31.0
ExpressiveWholeBodyDatasetReleaseV1.0/beat_english_v2.0.0/wave16k/2_scott_0_58_58.wav,31.0
ExpressiveWholeBodyDatasetReleaseV1.0/beat_english_v2.0.0/wave16k/6_carla_0_55_55.wav,31.0
ExpressiveWholeBodyDatasetReleaseV1.0/beat_english_v2.0.0/wave16k/7_sophie_0_55_55.wav,31.0
ExpressiveWholeBodyDatasetReleaseV1.0/beat_english_v2.0.0/wave16k/9_miranda_0_53_53.wav,31.0
ExpressiveWholeBodyDatasetReleaseV1.0/beat_english_v2.0.0/wave16k/9_miranda_0_58_58.wav,30.0
ExpressiveWholeBodyDatasetReleaseV1.0/beat_english_v2.0.0/wave16k/9_miranda_0_75_75.wav,30.0
ExpressiveWholeBodyDatasetReleaseV1.0/beat_english_v2.0.0/wave16k/2_scott_0_85_85.wav,29.0
ExpressiveWholeBodyDatasetReleaseV1.0/beat_english_v2.0.0/wave16k/2_scott_0_75_75.wav,28.0
ExpressiveWholeBodyDatasetReleaseV1.0/beat_english_v2.0.0/wave16k/4_lawrence_0_75_75.wav,28.0
ExpressiveWholeBodyDatasetReleaseV1.0/beat_english_v2.0.0/wave16k/6_carla_0_75_75.wav,28.0
ExpressiveWholeBodyDatasetReleaseV1.0/beat_english_v2.0.0/wave16k/1_wayne_0_75_75.wav,27.0
ExpressiveWholeBodyDatasetReleaseV1.0/beat_english_v2.0.0/wave16k/7_sophie_0_75_75.wav,26.0
ExpressiveWholeBodyDatasetReleaseV1.0/beat_english_v2.0.0/wave16k/9_miranda_0_34_34.wav,18.0
